algorithm,round,client_id,original_size_bytes,delta_size_bytes,reduction_percent
flips,0,17,3390177,1968379,41.938754230236356
flips,0,91,3347378,2200711,34.25567712998054
flips,0,42,3573153,2049877,42.63114397844146
flips,0,16,3626429,1725005,52.432406645766406
flips,0,57,3707988,2232470,39.792955101257064
flips,0,23,3771773,1668731,55.757385187284605
flips,0,46,3770857,2182364,42.125516825485555
flips,0,44,3575909,2055752,42.51106501871272
flips,0,50,3741582,1794003,52.05228697379878
flips,0,98,3769977,2162303,42.644132842189755
flips,1,17,3249712,863396,73.43161486310171
flips,1,91,3289213,1279944,61.086618592350206
flips,1,46,3362767,1079434,67.90042247946408
flips,1,54,3269523,880131,73.08075214641401
flips,1,23,3360132,1081115,67.82522234245559
flips,1,57,3357853,1187749,64.62772491827367
flips,1,16,3338499,904354,72.91135926654464
flips,1,42,3324647,1150043,65.40856818784069
flips,1,98,3360138,1183755,64.77064334857675
flips,1,50,3362374,906291,73.04609778686131
flips,2,17,3236048,656687,79.70713042575387
flips,2,33,3203046,490598,84.68339199624357
flips,2,91,3247533,748848,76.94101953698393
flips,2,46,3261831,860097,73.63146649841761
flips,2,23,3260996,798017,75.52842751110397
flips,2,16,3257731,533113,83.63545056359779
flips,2,57,3261837,714250,78.10282978579248
flips,2,50,3260623,663277,79.65796720442688
flips,2,98,3261077,850144,73.93057569631138
flips,2,42,3255253,806636,75.22048209463289
flips,3,98,3197475,754311,76.40916660802665
flips,3,17,3206188,722841,77.45481550052587
flips,3,21,3193107,403192,87.37305076215736
flips,3,46,3215682,682306,78.78191935645378
flips,3,23,3217597,689537,78.56981467846967
flips,3,91,3209838,799317,75.0979021371172
flips,3,86,3208992,704005,78.06149096040127
flips,3,57,3216986,649289,79.81685341496669
flips,3,16,3216277,665897,79.29603078341823
flips,3,73,3215770,746661,76.78126856087344
flips,4,17,3197419,686517,78.52902606758764
flips,4,98,3206211,526887,83.56667730227362
flips,4,46,3210414,801833,75.02400001993512
flips,4,88,3195877,871529,72.72958252148001
flips,4,91,3203586,832611,74.0100312587207
flips,4,73,3209470,653329,79.64371064381346
flips,4,23,3209990,739678,76.95699986604319
flips,4,16,3209955,666230,79.24488037994301
flips,4,57,3210283,767331,76.09771474975882
flips,4,50,3210039,691903,78.44565128336447
flips,5,17,3192448,420475,86.82907286195422
flips,5,46,3204761,611719,80.91218034667796
flips,5,98,3202440,883824,72.4015438228351
flips,5,91,3196164,943646,70.47567020966383
flips,5,88,3195097,918017,71.26794585579093
flips,5,57,3202441,835620,73.90677923496483
flips,5,23,3203447,666509,79.19400570697752
flips,5,73,3202765,846947,73.5557557298147
flips,5,16,3203080,829884,74.09106235248572
flips,5,63,3201554,802641,74.92964354185499
flips,6,17,3187863,630313,80.22772622286466
flips,6,69,3155068,413357,86.89863419742458
flips,6,46,3198244,996091,68.85506546717511
flips,6,37,3191289,903162,71.69914727246575
flips,6,73,3197185,876238,72.59345330345288
flips,6,91,3191411,972559,69.52573642191496
flips,6,57,3197687,955751,70.11117723529539
flips,6,98,3198311,942961,70.5169072050842
flips,6,23,3198096,997886,68.79749701072137
flips,6,16,3197115,951534,70.23772995341112
flips,7,82,3122890,933060,70.12190631114127
flips,7,23,3169257,904623,71.45630663590867
flips,7,63,3169484,892738,71.83333312299416
flips,7,17,3170984,692991,78.14586891639945
flips,7,46,3191024,699565,78.07710001554359
flips,7,91,3177529,986788,68.94479955965784
flips,7,57,3188191,881908,72.33829466302365
flips,7,73,3188667,972364,69.50562727308936
flips,7,37,3185367,968948,69.58127587810132
flips,7,98,3188435,1024211,67.87731285097549
flips,8,23,3131081,1100546,64.8509252874646
flips,8,17,3162187,569545,81.98888933513419
flips,8,82,3156649,789124,75.0012117280065
flips,8,46,3171027,943011,70.26165340124824
flips,8,11,3155102,991871,68.56294978736028
flips,8,15,3118000,953984,69.40397690827453
flips,8,91,3158468,1072406,66.04664033322484
flips,8,73,3168272,1051971,66.79669548574113
flips,8,57,3168704,886955,72.00890332451375
flips,8,98,3168808,1068523,66.27997026011043
flips,9,36,3086796,926875,69.97291042232787
flips,9,11,3132342,948558,69.71729140687702
flips,9,23,3137253,1129813,63.987188792233205
flips,9,17,3134924,629772,79.91109194353675
flips,9,52,3129604,719128,77.02175738527941
flips,9,46,3144174,1042119,66.85555570397821
flips,9,57,3143628,1103096,64.91009750517556
flips,9,73,3142031,1075921,65.757148799614
flips,9,82,3140026,949257,69.76913566957725
flips,9,98,3142605,1138713,63.765315717374605
flips,10,5,3066748,914747,70.17208456645281
flips,10,59,3093685,1038147,66.44302829796828
flips,10,17,3126554,483132,84.54746023897236
flips,10,57,3120107,667878,78.59438794887484
flips,10,23,3123696,1158045,62.927090216205414
flips,10,11,3116418,944701,69.68631935767282
flips,10,52,3111449,1047433,66.33616684702208
flips,10,46,3124264,1084461,65.28907288244528
flips,10,82,3121668,995694,68.10378297756199
flips,10,73,3121818,1044068,66.55576974698717
flips,11,52,3090985,1024825,66.84471131370744
flips,11,17,3117442,385409,87.63701137021955
flips,11,46,3107306,924447,70.24924484424771
flips,11,57,3100517,1040587,66.43827464903434
flips,11,23,3105510,1247209,59.8388348451623
flips,11,11,3099122,995694,67.8717391570903
flips,11,73,3101378,1029991,66.78924658651735
flips,11,91,3095106,1092749,64.69429479959652
flips,11,63,3100964,1079315,65.19421057451812
flips,11,59,3099460,1118731,63.90561581694876
flips,12,63,3040872,1076487,64.59939780431402
flips,12,52,3076723,983928,68.02026051744015
flips,12,66,3056706,1164714,61.89643361186846
flips,12,46,3098707,1123228,63.75171966888124
flips,12,17,3100328,803297,74.08993500042575
flips,12,57,3099459,755321,75.6305535901588
flips,12,73,3090426,1127980,63.50082480538282
flips,12,23,3098363,1077083,65.23703000584501
flips,12,11,3091843,1053785,65.91725388384857
flips,12,98,3095661,1103017,64.36893445374025
flips,13,52,3063903,1117086,63.54042539858475
flips,13,46,3080449,1006585,67.32343239573191
flips,13,57,3079285,1111031,63.91918903251892
flips,13,73,3074370,1079354,64.89186402417405
flips,13,63,3072644,1148923,62.60800144761319
flips,13,17,3085879,449811,85.42356975111467
flips,13,23,3082826,865148,71.93652836715403
flips,13,11,3073212,1122643,63.47004371973037
flips,13,98,3077655,1159182,62.33554443236815
flips,13,58,3047143,1091179,64.19009544350232
flips,14,60,3016122,1038304,65.5748673296372
flips,14,24,3008760,1003126,66.65981999228919
flips,14,64,3011777,1089757,63.81680981028808
flips,14,52,3052012,1222386,59.9481915536374
flips,14,17,3080445,449604,85.40457628686764
flips,14,46,3070504,734258,76.0867271301389
flips,14,87,3032731,1157490,61.833410216732055
flips,14,98,3063784,1137036,62.88785371292494
flips,14,57,3064841,1125254,63.28507743142303
flips,14,73,3063024,1188796,61.18881210202728
flips,15,24,3014074,974148,67.68002378176514
flips,15,52,3031937,1055692,65.1809387859972
flips,15,46,3046308,1124904,63.073202053108226
flips,15,5,3004249,1106625,63.164671104159474
flips,15,60,3035223,1101643,63.70470967042618
flips,15,17,3054187,614591,79.87709986323692
flips,15,85,3010925,831968,72.36835856090737
flips,15,98,3043142,1140110,62.535103521294765
flips,15,23,3048727,1241774,59.269098217059124
flips,15,73,3041496,1138446,62.569538148332256
flips,16,71,2974352,1008920,66.07933425499067
flips,16,40,2971731,846671,71.50916418747188
flips,16,19,2988683,1190240,60.17510053759465
flips,16,63,3018675,1217751,59.659420109816395
flips,16,17,3046219,734365,75.89257371187034
flips,16,24,3008938,677637,77.4791969791335
flips,16,52,3017152,1125036,62.71198799397577
flips,16,98,3027144,1150245,62.00230316099928
flips,16,46,3032837,1110317,63.39015252056078
flips,16,23,3032299,1204163,60.288777590864214
flips,17,14,2949322,1137665,61.42621931413389
flips,17,40,2966754,1109438,62.60431434490356
flips,17,45,2950577,916024,68.95441128972402
flips,17,46,3010326,1082679,64.03449327415038
flips,17,63,2998324,1043104,65.21043089405948
flips,17,23,3010067,1052380,65.0379875265235
flips,17,98,3005523,1155475,61.55494401473553
flips,17,19,2992888,890987,70.22985825062615
flips,17,17,3026748,778209,74.28893981263059
flips,17,50,2997794,897688,70.05504714466704
flips,18,99,2928535,1116703,61.8682037264366
flips,18,2,2927165,1042233,64.39445675252334
flips,18,59,2951266,1114647,62.23156435238302
flips,18,36,2943717,982414,66.62675114489606
flips,18,46,2980570,1050152,64.76673924786198
flips,18,73,2973359,1091355,63.295552269335786
flips,18,23,2982743,1166538,60.89042870941278
flips,18,98,2978571,1063671,64.2892178833407
flips,18,17,2979418,579962,80.5343862459044
flips,18,57,2983806,676638,77.32298949730647
flips,19,94,2910638,1023614,64.83197154713159
flips,19,54,2922302,1089794,62.707687295837324
flips,19,46,2968584,1206457,59.35917595729142
flips,19,73,2956860,1142010,61.37761003226396
flips,19,98,2962848,1175074,60.33971368089082
flips,19,23,2970752,1236841,58.36606354216036
flips,19,17,2996742,463349,84.53824186399763
flips,19,95,2929162,1015291,65.33851661328394
flips,19,57,2963906,1096782,62.99538514379336
flips,19,11,2954934,1049331,64.48885152764834
flips,20,98,2897941,1208177,58.30912361569818
flips,20,46,2949421,1169733,60.34024983208568
flips,20,54,2917146,1217695,58.257317254604324
flips,20,23,2956615,1251777,57.66181934408099
flips,20,52,2932745,1132828,61.373116312533135
flips,20,73,2945816,1035557,64.8465145141448
flips,20,11,2937267,1055843,64.05355726939362
flips,20,57,2949533,1229034,58.33123413096243
flips,20,17,2967461,614734,79.28417593356744
flips,20,33,2916070,478715,83.58355595030298
flips,21,98,2899184,1222825,57.821752603491184
flips,21,72,2888660,1096204,62.051470231872216
flips,21,64,2884972,1065000,63.08456373233432
flips,21,46,2937107,1097173,62.64443208912716
flips,21,52,2911677,1236796,57.52289831598766
flips,21,0,2884184,1086187,62.339885388726934
flips,21,73,2929713,1093359,62.68033763034126
flips,21,4,2899507,1184934,59.13325955067534
flips,21,11,2921307,1123984,61.52461894624564
flips,21,23,2940550,1203131,59.084831069017696
flips,22,21,2867832,1098101,61.70971660822531
flips,22,1,2868747,1001226,65.09883931904766
flips,22,72,2884123,1082487,62.467377431545046
flips,22,98,2910476,1141921,60.76514631970853
flips,22,14,2889386,1120555,61.21823113976463
flips,22,19,2897712,1127529,61.08899021020723
flips,22,46,2931866,1017094,65.30898751852916
flips,22,3,2887596,1138430,60.57516356166167
flips,22,4,2898105,1014390,64.99816259245266
flips,22,0,2882147,1096491,61.95575728788296
flips,23,2,2854959,1153594,59.593325158084575
flips,23,30,2861252,974889,65.92788751217998
flips,23,46,2921440,1115765,61.807704419738215
flips,23,98,2905883,1164225,59.93558584430274
flips,23,64,2867647,1015742,64.5792526067539
flips,23,23,2913741,1154984,60.36078704318606
flips,23,3,2891565,1123940,61.13039132787954
flips,23,4,2886807,1111963,61.4812143659067
flips,23,63,2907881,1085298,62.67735853014618
flips,23,21,2882384,1185877,58.85777189992728
flips,24,23,2869034,1262348,56.00093968910791
flips,24,46,2882134,1204449,58.20981952955692
flips,24,30,2870362,1146282,60.06489773763728
flips,24,47,2845155,1060982,62.709166987387334
flips,24,34,2854394,1182944,58.55708777414751
flips,24,82,2872425,1102456,61.61932861606483
flips,24,98,2898993,1235707,57.37461249475248
flips,24,99,2869569,1102220,61.589353662518654
flips,24,63,2891615,1091903,62.2389910136723
flips,24,11,2888506,1058806,63.344164768915135
flips,25,16,2830328,1120225,60.420665025396346
flips,25,50,2844737,1137227,60.02347492931683
flips,25,23,2863734,1208126,57.81291139470356
flips,25,12,2829865,948481,66.48317145870917
flips,25,46,2880283,1144702,60.257308049243775
flips,25,28,2829367,1142312,59.62658785516337
flips,25,98,2891884,1120080,61.26815598412661
flips,25,10,2848942,1081906,62.02428831474982
flips,25,82,2881978,1117092,61.238704806212965
flips,25,30,2876055,1157670,59.747988129573315
flips,26,2,2811462,1161474,58.68789974753349
flips,26,81,2810412,1110762,60.47689804911166
flips,26,71,2810262,1155783,58.872767023145876
flips,26,60,2844328,1173177,58.75380757774771
flips,26,16,2843999,1165331,59.02491526895754
flips,26,23,2868960,1282130,55.31028665439741
flips,26,46,2884200,1218414,57.755564801331396
flips,26,50,2876029,1030648,64.1642000132822
flips,26,98,2881607,1254611,56.461411982966446
flips,26,59,2858127,1155194,59.582131934655116
flips,27,14,2795321,1165745,58.29656057390189
flips,27,55,2803170,912744,67.43886385770395
flips,27,45,2810927,931644,66.85634312097042
flips,27,94,2819491,1132674,59.82700423587095
flips,27,98,2856318,1213031,57.531654388622
flips,27,46,2868910,1099352,61.68049886542275
flips,27,23,2859279,1216887,57.44077440501609
flips,27,16,2840394,1097409,61.36419806547965
flips,27,19,2833806,1164295,58.91408939073458
flips,27,60,2850531,1028273,63.926966589733624
flips,28,36,2783668,1128059,59.47580674132116
flips,28,98,2827071,1250875,55.753675800855376
flips,28,19,2806569,1165030,58.48917307930074
flips,28,23,2851861,1218006,57.29083570342313
flips,28,46,2860363,1065853,62.737142103991694
flips,28,55,2842702,876564,69.16440766566456
flips,28,16,2833830,1102723,61.08718589329636
flips,28,57,2843528,1299101,54.3137609336008
flips,28,11,2832074,1184313,58.182130834151934
flips,28,50,2848267,1046598,63.2549195703914
flips,29,67,2771818,929993,66.44826608384821
flips,29,98,2819703,1237974,56.09558879073434
flips,29,46,2852006,1123805,60.59598051336498
flips,29,23,2843094,1308234,53.985552359506926
flips,29,52,2816560,1124225,60.08517482318857
flips,29,57,2833380,1231474,56.536927627074384
flips,29,11,2824696,1104613,60.89444669444075
flips,29,40,2813282,1123367,60.069164769120185
flips,29,16,2829347,1287444,54.49677964562141
flips,29,73,2827579,1137169,59.7829450565307
flips,30,99,2761429,1171013,57.59394864035976
flips,30,37,2778293,1294331,53.41272500776556
flips,30,67,2781233,1131710,59.3090546530981
flips,30,51,2759014,1137830,58.759542358248275
flips,30,98,2823640,1265911,55.16740802651896
flips,30,69,2768681,1229283,55.600410448152026
flips,30,66,2783778,1175130,57.78650452730068
flips,30,23,2831662,1349864,52.3296212612946
flips,30,57,2817713,1251709,55.57712939536425
flips,30,46,2833341,1261890,55.462826394705054
flips,31,57,2763862,1172503,57.57736818987345
flips,31,3,2744761,1127761,58.91223315982703
flips,31,2,2745822,1177506,57.11644818928539
flips,31,66,2745421,1071854,60.95848323444747
flips,31,53,2742438,1139508,58.449088001260186
flips,31,80,2777151,539076,80.58888407580287
flips,31,24,2766555,650269,76.49535252326449
flips,31,46,2818525,1106245,60.75092468578423
flips,31,58,2766130,1089453,60.61454089287199
flips,31,64,2757704,1119516,59.40405496746569
flips,32,29,2726021,1182621,56.61731879541647
flips,32,14,2736289,1145279,58.14480853447863
flips,32,46,2783626,1121343,59.71646334672833
flips,32,12,2750322,1069976,61.09633708343969
flips,32,21,2742480,1134127,58.64593360753771
flips,32,58,2746227,1100849,59.91412945834412
flips,32,57,2783387,1268983,54.40867547344297
flips,32,50,2786751,919685,66.99794850706073
flips,32,66,2766792,1087228,60.704382548453225
flips,32,3,2772290,1205311,56.52291066230445
flips,33,59,2715444,1160846,57.250232374521445
flips,33,87,2720174,1113836,59.05276647743858
flips,33,30,2743075,1180497,56.96446506201982
flips,33,34,2739627,1052963,61.5654612835981
flips,33,29,2742827,1052750,61.61806778189073
flips,33,46,2803029,1092753,61.015280255751904
flips,33,11,2763815,1013942,63.31368054663572
flips,33,77,2717955,1101088,59.48836533349522
flips,33,2,2753243,1143534,58.46592545590781
flips,33,57,2780782,1192147,57.1290737641426
flips,34,19,2703183,1198689,55.656387303412316
flips,34,2,2707719,1153218,57.40998235045808
flips,34,60,2729618,1150428,57.853882851006986
flips,34,87,2714285,1143509,57.87070996597631
flips,34,11,2739840,1072435,60.85775081756599
flips,34,46,2787905,1161147,58.35055355186063
flips,34,55,2775236,869950,68.65311634758268
flips,34,52,2749397,966199,64.85778517980488
flips,34,59,2754965,1125265,59.155016488412734
flips,34,98,2778110,1145193,58.77798215333446
flips,35,94,2688620,1130647,57.946939322031376
flips,35,54,2689521,1178240,56.19145565325573
flips,35,90,2692640,1055991,60.78231772535504
flips,35,97,2691859,1051009,60.9560158983067
flips,35,55,2735773,983827,64.0384271648269
flips,35,52,2722217,1225512,54.98110547395745
flips,35,11,2738739,1084856,60.38848535767738
flips,35,46,2778217,1229597,55.741506153047084
flips,35,98,2762223,1159180,58.03452509084168
flips,35,19,2732785,1205900,55.872854981273676
flips,36,98,2678231,1219852,54.453069955504205
flips,36,97,2676200,1135178,57.582467678050975
flips,36,99,2676997,1223483,54.296437388611196
flips,36,62,2673120,1100515,58.83031813012509
flips,36,61,2674526,996069,62.75717641182026
flips,36,54,2696119,1188904,55.90313335576062
flips,36,94,2701680,1127014,58.28469692931806
flips,36,47,2689861,1177389,56.22863040134788
flips,36,11,2727918,1110474,59.29225145330614
flips,36,52,2721026,1165936,57.15086882668523
flips,37,98,2684177,1211998,54.846569358131006
flips,37,14,2657384,1120825,57.82224172343929
flips,37,89,2657430,1183023,55.48243980086023
flips,37,45,2657226,1094000,58.82924523544478
flips,37,7,2656101,1040365,60.83112050332423
flips,37,37,2700413,1077782,60.08825316720072
flips,37,47,2675020,1137970,57.459383481245
flips,37,11,2713124,1044614,61.497742086244486
flips,37,97,2696212,1182388,56.14632677252382
flips,37,99,2699745,1180122,56.28764938910897
flips,38,74,2644697,1002224,62.10439229900439
flips,38,7,2642874,1109404,58.0228190976944
flips,38,48,2644035,1192908,54.883048068577
flips,38,98,2702300,1152746,57.34204196425268
flips,38,1,2654075,1060691,60.03537955784972
flips,38,89,2679956,1183437,55.841177989489374
flips,38,11,2697831,1106385,58.989832943575784
flips,38,46,2736126,1173661,57.10500905294567
flips,38,68,2660292,1175577,55.81022684727842
flips,38,37,2711897,1101955,59.36589774611647
flips,39,55,2654817,1031521,61.145306813991326
flips,39,2,2637344,805731,69.44915035732919
flips,39,36,2630702,1150264,56.275397213367384
flips,39,7,2629083,1160635,55.85399928416106
flips,39,46,2719515,1095155,59.729767991719115
flips,39,19,2667362,1128314,57.699254919279795
flips,39,98,2704215,1185017,56.17889110148416
flips,39,64,2640325,1108379,58.021114824879504
flips,39,1,2644270,1055798,60.072231655617614
flips,39,20,2645699,1072266,59.471353317214096
flips,40,21,2616367,1120661,57.167285782155176
flips,40,11,2639849,1155587,56.22526136911618
flips,40,51,2616776,1051294,59.82483789212374
flips,40,46,2699543,1246581,53.82251736682839
flips,40,36,2635906,1062228,59.70159785667622
flips,40,98,2691634,1179951,56.16227912115838
flips,40,19,2659854,1296462,51.258151763217086
flips,40,7,2634913,1194649,54.660780071296465
flips,40,2,2660021,1060667,60.12561554965168
flips,40,34,2653425,1135149,57.21948048277227
flips,41,59,2609262,1189957,54.39488253766773
flips,41,23,2648591,1232608,53.46174626433451
flips,41,58,2609250,1195059,54.19913768324231
flips,41,52,2627884,1103993,57.98927958768347
flips,41,11,2639033,1163343,55.91783050837182
flips,41,29,2635517,1067353,59.50119084794368
flips,41,78,2635441,641312,75.66585630260742
flips,41,2,2653076,749548,71.74796349595715
flips,41,46,2711681,1107548,59.156405196628945
flips,41,63,2663366,987032,62.94042951663421
flips,42,30,2597204,1190619,54.15766339494318
flips,42,29,2595072,1186685,54.27159631794416
flips,42,37,2612206,1161225,55.546193523787935
flips,42,60,2613482,1208339,53.765168461079895
flips,42,52,2618306,1102548,57.89078892994173
flips,42,99,2602633,1188307,54.34212199722358
flips,42,14,2600286,1179120,54.6542188051622
flips,42,92,2593247,1185373,54.29000785501727
flips,42,23,2655929,1223780,53.92271404845537
flips,42,9,2595785,1064304,58.99876145366431
flips,43,27,2582354,1069978,58.56578919853745
flips,43,16,2609878,1134264,56.53957771206164
flips,43,54,2586879,1082145,58.16793131800908
flips,43,42,2612668,929988,64.4046622073681
flips,43,23,2658659,1223572,53.97785124004244
flips,43,57,2637797,1221270,53.701137729703994
flips,43,66,2602350,1143609,56.05475819931984
flips,43,29,2618669,1126322,56.98876032060562
flips,43,98,2649553,1199682,54.721343562480165
flips,43,92,2611129,1116324,57.24745885783506
flips,44,98,2599542,1108839,57.34483228199429
flips,44,74,2575141,1147626,55.43444028890069
flips,44,41,2573371,1132269,56.00055335977595
flips,44,66,2585110,1164319,54.96056260662022
flips,44,94,2586967,1040825,59.76659153363766
flips,44,80,2601886,551650,78.79807186018142
flips,44,36,2592368,743427,71.3224742783432
flips,44,87,2588514,1153487,55.43825530787162
flips,44,27,2598441,1147628,55.83397891274037
flips,44,15,2569130,1180554,54.04849112345425
flips,45,12,2560616,1132076,55.788919541235394
flips,45,74,2562977,1204950,52.98631240155491
flips,45,98,2592794,1131397,56.36379133861
flips,45,10,2562284,1137796,55.59446181609845
flips,45,66,2566129,1168328,54.47118987393074
flips,45,36,2561188,1059940,58.615298837883046
flips,45,94,2585021,1152974,55.39788651620239
flips,45,18,2560640,1132104,55.78824043989003
flips,45,29,2590923,1164679,55.04771851575674
flips,45,23,2647426,1307507,50.61214175580356
flips,46,29,2548712,1082196,57.539494458377405
flips,46,19,2556538,1061676,58.472121282766
flips,46,74,2550972,1123068,55.97489897968304
flips,46,97,2550581,1137428,55.40514102473123
flips,46,36,2547542,1125909,55.80410450544093
flips,46,66,2555499,1036605,59.43629795981138
flips,46,62,2550965,1084350,57.492556738332354
flips,46,98,2619299,1075284,58.94764209813389
flips,46,23,2638380,1213198,54.01731365459108
flips,46,64,2565248,1103957,56.96490163913977
flips,47,63,2534569,1110905,56.16986556688731
flips,47,55,2573734,623112,75.7895726598009
flips,47,3,2540540,1063116,58.153935777433155
flips,47,14,2534864,1106752,56.33880160829141
flips,47,46,2596074,1131127,56.429323663347034
flips,47,36,2533549,1070725,57.73813729278574
flips,47,47,2533355,1125552,55.570695776944014
flips,47,4,2552263,1064018,58.310801042055616
flips,47,45,2547803,1145368,55.04487591858553
flips,47,19,2576265,1135497,55.92468166124215
flips,48,34,2523273,1201132,52.397857861594844
flips,48,99,2527983,1203732,52.383698782784535
flips,48,11,2543105,1149150,54.813112317422984
flips,48,4,2526493,1102301,56.370312524119406
flips,48,46,2596225,1249024,51.89076447534401
flips,48,64,2521676,1116776,55.71294646893574
flips,48,45,2526004,1135078,55.06428335030349
flips,48,96,2534029,1055968,58.32849584594335
flips,48,65,2520756,1158795,54.02986246983048
flips,48,93,2520132,994746,60.52801996085919
flips,49,60,2511570,1101980,56.123858781558944
flips,49,92,2507027,1060582,57.69562912565361
flips,49,52,2525389,1138777,54.906867813235905
flips,49,59,2518799,1113538,55.79091463828594
flips,49,61,2514177,1098675,56.300809370223334
flips,49,73,2560907,1080318,57.81502413012265
flips,49,37,2556218,1075430,57.928862092356745
flips,49,46,2625375,1100039,58.099738132647715
flips,49,2,2540104,1175885,53.707210413431895
flips,49,99,2546844,1129466,55.65232892159866
flips,50,72,2501330,1038078,58.49895855404925
flips,50,21,2497373,1140313,54.33949994654383
flips,50,51,2496890,1100783,55.91383681299536
flips,50,52,2527572,1011719,59.9726931616587
flips,50,59,2528923,1240050,50.96529233986167
flips,50,15,2499156,1107979,55.66587279865682
flips,50,46,2606901,1182152,54.65297684875643
flips,50,55,2612917,876702,66.4473842835421
flips,50,73,2587017,994307,61.565501888855
flips,50,63,2567346,1186056,53.80225337761253
flips,51,55,2534710,759892,70.02055461966063
flips,51,54,2486494,1172911,52.828721887122995
flips,51,58,2488237,1190845,52.141013898595666
flips,51,48,2489834,1103458,55.681463101556176
flips,51,71,2485019,1136919,54.24908220017633
flips,51,19,2517441,1171386,53.46917762918773
flips,51,72,2506664,1124860,55.12521821831725
flips,51,95,2497122,1144139,54.18169396609377
flips,51,67,2516103,1121303,55.4349325126992
flips,51,46,2603104,1238172,52.434785548329984
flips,52,98,2486361,1173440,52.804922535384044
flips,52,81,2472096,1092399,55.81081802648441
flips,52,92,2474436,1080090,56.35005310301013
flips,52,20,2477075,1097166,55.70719497794778
flips,52,14,2484623,1063950,57.17861422034651
flips,52,78,2536786,396052,84.38764641558255
flips,52,63,2527217,898603,64.44298214201629
flips,52,67,2505179,1045050,58.28441799967188
flips,52,76,2480239,1148941,53.67619814058242
flips,52,12,2498801,1177284,52.88604414677279
flips,53,98,2499558,1222440,51.093753375596805
flips,53,30,2479521,1140141,54.017691320218695
flips,53,94,2465529,1063506,56.86499732917358
flips,53,96,2481225,1113373,55.128091970699955
flips,53,7,2464685,1136826,53.875403956286505
flips,53,18,2465489,1108163,55.05301382403247
flips,53,46,2573632,1237440,51.9185338074752
flips,53,35,2469610,1123371,54.51221042998693
flips,53,67,2495591,887867,64.42257565442414
flips,53,40,2501257,1029774,58.8297404065236
flips,54,46,2472865,1188284,51.947073536161504
flips,54,30,2460081,1181620,51.96824819995764
flips,54,73,2473635,1180649,52.270686661532515
flips,54,72,2457177,1027897,58.16756383443277
flips,54,89,2458854,1172458,52.31689234090353
flips,54,93,2453542,1159599,52.73775627236053
flips,54,57,2503132,1147323,54.16450271100366
flips,54,35,2461411,1109472,54.92536597910711
flips,54,39,2456836,1085489,55.81760443106499
flips,54,7,2454088,1186776,51.64085395470741
flips,55,52,2442422,1117281,54.255202417927784
flips,55,23,2479519,1179287,52.43888028282905
flips,55,57,2481546,1158335,53.32204198511734
flips,55,87,2444498,1134497,53.589775896728085
flips,55,30,2468599,1167732,52.69656999780037
flips,55,35,2448001,1096156,55.22240391241671
flips,55,60,2487316,1075682,56.75330356094682
flips,55,46,2554126,1129945,55.760013405759935
flips,55,79,2443559,1077366,55.90996575077581
flips,55,6,2440419,937975,61.56500174765072
flips,56,74,2437137,1088781,55.32540846082925
flips,56,4,2439292,1015228,58.38021852242372
flips,56,6,2432938,1144499,52.95815183124273
flips,56,29,2447587,1110563,54.62620940542665
flips,56,31,2429618,1083174,55.41792989679859
flips,56,35,2439911,1026514,57.92821951292486
flips,56,64,2433869,1104975,54.60006269852651
flips,56,30,2471304,1184368,52.075179743163936
flips,56,50,2495841,1065113,57.32448501326808
flips,56,23,2510989,1229668,51.02853895417303
flips,57,11,2444717,1112330,54.50066408504542
flips,57,14,2426433,1149790,52.61398109900417
flips,57,10,2425262,1156299,52.32271812282549
flips,57,34,2437498,1160373,52.3949147855711
flips,57,27,2446215,1055613,56.84708825675584
flips,57,3,2455944,1047280,57.35733388057709
flips,57,62,2443391,1130601,53.728199866497015
flips,57,67,2460329,1036410,57.875145966250855
flips,57,30,2477148,1095804,55.76348284398025
flips,57,64,2436764,1077039,55.80043861449037
flips,58,66,2427317,1125191,53.644661986876876
flips,58,21,2418086,1140521,52.833728825194804
flips,58,59,2440965,1084024,55.59035053759476
flips,58,64,2416861,1121484,53.59749691852366
flips,58,16,2454714,1109456,54.803044265034536
flips,58,0,2412030,992974,58.832435749140764
flips,58,19,2456931,1088214,55.70840206745733
flips,58,67,2462786,1000960,59.356598583880206
flips,58,27,2466734,735684,70.17578709337936
flips,58,80,2501295,432187,82.7214702783958
flips,59,46,2453887,803295,67.26438503484472
flips,59,55,2447396,909131,62.8531304292399
flips,59,59,2417082,939919,61.11348311724634
flips,59,92,2406014,1117316,53.561533723411415
flips,59,16,2423637,1148852,52.59801694725736
flips,59,66,2416958,1138793,52.88321104462717
flips,59,54,2409133,1094684,54.56108068753365
flips,59,45,2409399,1154864,52.06837887788615
flips,59,19,2444564,1083846,55.66301393622748
flips,59,75,2407875,1106184,54.05974147329076
flips,60,16,2406597,1168291,51.45464737137127
flips,60,73,2413424,1047602,56.592708119252976
flips,60,98,2431033,1142923,52.98611742415673
flips,60,90,2418850,826904,65.81416788969965
flips,60,95,2403487,932865,61.1870170298404
flips,60,99,2417006,1124554,53.47326402996103
flips,60,51,2399461,1121058,53.278757187551705
flips,60,46,2505720,1200106,52.105342975272585
flips,60,4,2423689,1053964,56.51405770294786
flips,60,66,2427728,1178879,51.44105929494573
flips,61,52,2386416,1079811,54.7517700183036
flips,61,98,2409824,1082753,55.069208373723555
flips,61,16,2394747,1212737,49.35844997404736
flips,61,4,2395952,1050540,56.15354564699126
flips,61,76,2396426,1120728,53.233356673646504
flips,61,60,2431810,1150174,52.70296610343736
flips,61,71,2387099,1059595,55.61160219999255
flips,61,28,2389476,1058805,55.68882047779513
flips,61,86,2403643,1087296,54.76466347123928
flips,61,92,2406550,1154710,52.01803411522719
flips,62,63,2382418,1080191,54.65988755961381
flips,62,16,2385531,1184850,50.33181291712412
flips,62,52,2380081,1117558,53.04537954800699
flips,62,81,2374352,1062564,55.248252997028246
flips,62,31,2374912,1079240,54.55663199310121
flips,62,92,2376184,1021166,57.024961029953914
flips,62,29,2382331,1082886,54.5451072919758
flips,62,94,2378718,1092847,54.05731154344483
flips,62,74,2389195,1123551,52.9736584916677
flips,62,61,2387774,1108175,53.58961945309733
flips,63,16,2375590,1090555,54.09329892784529
flips,63,74,2376770,1076035,54.727003454267766
flips,63,40,2386344,928672,61.08390072847838
flips,63,19,2396632,1105326,53.88002830638996
flips,63,49,2372689,1046755,55.8831772727062
flips,63,3,2409078,1020505,57.63918810432871
flips,63,78,2429457,608715,74.94440115630776
flips,63,52,2464014,360082,85.38636549954668
flips,63,79,2385552,1041201,56.353875329483486
flips,63,23,2470868,1227004,50.34117565163335
flips,64,16,2364377,1128899,52.25384953414789
flips,64,74,2365034,1189517,49.70402116840603
flips,64,48,2362432,1077877,54.374263470863916
flips,64,3,2383978,1188936,50.12806326232877
flips,64,55,2424571,940559,61.20719912924801
flips,64,23,2428485,1104005,54.539352724023416
flips,64,64,2356139,1113112,52.7569468524565
flips,64,89,2378951,1201160,49.50883813916301
flips,64,4,2379712,1087012,54.32169943253638
flips,64,8,2359337,1166748,50.547632661209484
flips,65,57,2360275,1163648,50.6986262194024
flips,65,11,2355840,1012097,57.03880569138822
flips,65,16,2356278,1157300,50.88440328348353
flips,65,10,2350072,1117678,52.440691178823464
flips,65,20,2351152,1154489,50.89687948716204
flips,65,71,2346109,1134887,51.62684257210556
flips,65,12,2364915,1064473,54.98895309133732
flips,65,50,2421519,1013827,58.13260189162257
flips,65,23,2448755,1029376,57.96329155019592
flips,65,99,2398246,1235947,48.46454450460879
flips,66,16,2351335,1141281,51.46242453754994
flips,66,96,2351014,1089932,53.63991877547305
flips,66,41,2348168,1099034,53.19610862595863
flips,66,90,2371136,914338,61.438820885853865
flips,66,87,2341754,1077799,53.97471297155892
flips,66,63,2365853,1086052,54.09469650058563
flips,66,6,2335782,1079534,53.782758836227
flips,66,18,2338523,1082929,53.69175329898401
flips,66,57,2414020,1058992,56.131597915510234
flips,66,56,2346968,1109868,52.710561030231354
flips,67,16,2343265,1123972,52.03393555573099
flips,67,29,2329952,1072163,53.9834726208952
flips,67,14,2329561,1143427,50.916631931939115
flips,67,54,2327928,1033223,55.6161960335543
flips,67,68,2332159,1047566,55.0817075508145
flips,67,46,2426612,1190498,50.93991128371573
flips,67,59,2360325,1132058,52.03804560812599
flips,67,73,2388547,1152340,51.75560706990484
flips,67,36,2344618,1079292,53.96725607327079
flips,67,2,2360022,1098449,53.45598473234572
flips,68,98,2334273,1168939,49.9227810971553
flips,68,59,2328934,1124303,51.724565831406125
flips,68,16,2326169,1152647,50.44869912719153
flips,68,86,2330717,1125206,51.72275312704202
flips,68,36,2322636,1092320,52.97067642110085
flips,68,21,2322423,1028538,55.71271900080218
flips,68,95,2320221,1041089,55.1297484162069
flips,68,35,2323317,1143044,50.80120362395662
flips,68,88,2336704,1066684,54.350914792802165
flips,68,15,2315975,1077863,53.45964442621358
flips,69,52,2308410,959240,58.445856671908366
flips,69,60,2321302,1027291,55.7450516994342
flips,69,16,2315984,1071896,53.71746955073955
flips,69,55,2384188,846810,64.48224720533784
flips,69,98,2361875,1030731,56.359629531622126
flips,69,92,2317519,998374,56.920568936004415
flips,69,93,2309631,1065859,53.85154598288644
flips,69,43,2328482,974858,58.13332462952259
flips,69,65,2322027,1022283,55.974542931671344
flips,69,7,2318919,1081993,53.34062983657471
flips,70,16,2305543,1143465,50.403657619918604
flips,70,27,2303894,1020682,55.6975277508427
flips,70,31,2297925,1146953,50.08744845893578
flips,70,97,2306710,1162516,49.60285428163922
flips,70,67,2315806,996861,56.95403673710147
flips,70,81,2305593,1077876,53.24951108022968
flips,70,2,2319076,1181478,49.0539335493964
flips,70,77,2301730,1077776,53.175394160044846
flips,70,70,2332118,1010554,56.66797306139741
flips,70,51,2313070,718178,68.95130713726778
flips,71,16,2296576,1077849,53.067131242336416
flips,71,23,2325374,1077097,53.68069824466946
flips,71,97,2298615,924059,59.79931393469546
flips,71,27,2296136,1007404,56.12611796513796
flips,71,67,2313674,938103,59.45396801796623
flips,71,10,2298688,877338,61.83309783667901
flips,71,64,2289844,1103166,51.82353033656442
flips,71,90,2326621,766749,67.04452508595082
flips,71,44,2311592,1002333,56.638844571187306
flips,71,85,2302935,1081906,53.020558548113605
flips,72,16,2286587,1137542,50.25153208690507
flips,72,12,2281884,1040106,54.41898010591248
flips,72,97,2288382,1117148,51.181751997699685
flips,72,63,2311841,1143779,50.52518750208168
flips,72,44,2288654,1113802,51.33375337643873
flips,72,73,2324475,1105051,52.46018993536175
flips,72,37,2319580,1144359,50.66524974348805
flips,72,4,2297330,1064104,53.680838190421056
flips,72,11,2315744,1062702,54.10969433581605
flips,72,14,2298307,1122831,51.14529956180789
flips,73,16,2280001,1101215,51.701117674948385
flips,73,3,2281284,1095144,51.99440315190918
flips,73,44,2281149,1149318,49.61670631773725
flips,73,72,2281692,1082644,52.55082631661065
flips,73,50,2330938,1040624,55.35599831484149
flips,73,89,2286113,1142243,50.03558441774313
flips,73,4,2283631,1013536,55.61734798660554
flips,73,49,2286433,1084155,52.58312839256607
flips,73,92,2287120,1074432,53.02249116793172
flips,73,71,2276330,1051525,53.80612652822745
flips,74,16,2267323,1181303,47.89877754514906
flips,74,74,2273814,1078187,52.58244517801368
flips,74,44,2278494,1057286,53.59715671842893
flips,74,75,2265658,1049945,53.65827499119461
flips,74,18,2266278,922606,59.28981351802383
flips,74,57,2362949,1092198,53.77818141652655
flips,74,72,2305481,1034818,55.11487624491376
flips,74,50,2396005,1071928,55.26186297607894
flips,74,23,2396729,1160538,51.57825519697889
flips,74,46,2428409,1151928,52.564497990247936
flips,75,16,2262987,947474,58.13170822457221
flips,75,57,2293378,1147948,49.94510281340451
flips,75,54,2256064,1119067,50.39737347876656
flips,75,40,2288863,934010,59.193276312300036
flips,75,2,2276465,1154181,49.299418176866325
flips,75,61,2263011,941257,58.40687473459033
flips,75,44,2278958,1165451,48.86035635584333
flips,75,47,2256803,1107756,50.914811793497265
flips,75,75,2258370,1167187,48.31728193342987
flips,75,46,2368793,1147281,51.56685282335771
flips,76,16,2255560,1141472,49.39296671336608
flips,76,59,2258948,1111931,50.776600435246856
flips,76,86,2252933,1082984,51.93003964165823
flips,76,98,2288684,1175643,48.632358158662356
flips,76,21,2253061,1040623,53.81292384005582
flips,76,30,2270956,1103560,51.405487380644985
flips,76,65,2248361,1154336,48.65877855024171
flips,76,68,2254514,1123242,50.1780871620225
flips,76,52,2276180,1098086,51.75750599688953
flips,76,6,2251461,1102852,51.016162394107646
flips,77,98,2255507,1091386,51.612386926753054
flips,77,60,2256613,1039604,53.93078033318075
flips,77,63,2257216,1063378,52.88984306331339
flips,77,92,2237426,1028390,54.03691563430477
flips,77,10,2248505,1082060,51.87646903164547
flips,77,48,2249142,1129575,49.777515159114
flips,77,29,2250426,1039928,53.78972692281372
flips,77,14,2243307,1092858,51.28361833667885
flips,77,24,2264948,1063300,53.05410985152861
flips,77,87,2241390,1047085,53.28412279879896
flips,78,41,2237468,1038871,53.56934713703168
flips,78,20,2236225,1051135,52.99511453453923
flips,78,2,2251166,1083641,51.8631233769522
flips,78,98,2326174,1114960,52.06893379429054
flips,78,44,2262207,1032728,54.34865156017995
flips,78,92,2261662,1004718,55.576120569740304
flips,78,88,2268219,1012918,55.343024637391714
flips,78,46,2391391,1162340,51.394815820583084
flips,78,39,2285735,865992,62.11319334918528
flips,78,16,2295505,1147753,49.99997821830055
flips,79,12,2226683,1157578,48.01334541108905
flips,79,77,2224312,1132283,49.09513593416751
flips,79,62,2246139,1054102,53.07049118509585
flips,79,73,2298951,1144181,50.23030068931439
flips,79,37,2284551,1166233,48.95132566530579
flips,79,41,2271116,1060789,53.29217001685515
flips,79,98,2344105,1256589,46.39365557430235
flips,79,74,2281103,1194391,47.63976023879676
flips,79,31,2258029,1061197,53.00339366766325
flips,79,81,2252982,1131871,49.76120537137003
flips,80,23,2242145,1176687,47.51958504021818
flips,80,11,2223754,1138749,48.79159295497614
flips,80,50,2264520,934454,58.73500786038542
flips,80,74,2235156,1081320,51.62216865399999
flips,80,51,2223873,1151532,48.219525125760335
flips,80,45,2223131,1159236,47.855704409681664
flips,80,18,2224950,1208821,45.6697453875368
flips,80,5,2240706,998816,55.42404938443508
flips,80,15,2216457,929449,58.06600353627434
flips,80,52,2261727,1188371,47.457363333417334
flips,81,52,2213559,990595,55.24876454614491
flips,81,29,2213351,1067124,51.7869510981313
flips,81,23,2249886,1147636,48.991371118358884
flips,81,55,2285392,848966,62.852499702458054
flips,81,74,2228497,936539,57.974410555634584
flips,81,89,2220499,1013601,54.35255769086138
flips,81,4,2229670,970527,56.472168527181154
flips,81,45,2214848,1090755,50.752602435923365
flips,81,64,2215068,1053199,52.45297209837349
flips,81,63,2274300,1133854,50.14492371279076
flips,82,52,2201821,1102257,49.9388460733184
flips,82,90,2246280,645230,71.27562013640329
flips,82,74,2221468,1001939,54.897437190182345
flips,82,97,2211693,1067506,51.7335362548057
flips,82,46,2288422,1046986,54.24856079866388
flips,82,9,2211071,944208,57.29635095390424
flips,82,71,2204420,1008233,54.263116828916445
flips,82,23,2294038,1210435,47.23561684680027
flips,82,14,2229507,1106513,50.369610860158765
flips,82,64,2215806,1142355,48.44517074148188
flips,83,49,2212783,1114719,49.623663956203565
flips,83,54,2195793,1022883,53.41623732291705
flips,83,2,2204251,1112387,49.534467717152
flips,83,58,2203068,1068694,51.490648495643356
flips,83,95,2197407,1107707,49.59026707387388
flips,83,46,2307876,1129728,51.04901649828674
flips,83,64,2199176,1110296,49.51309035747935
flips,83,35,2206631,1139312,48.3687123039602
flips,83,52,2247464,1149741,48.8427400839346
flips,83,23,2315336,1137239,50.882334140703556
flips,84,98,2202609,1108477,49.67436344807453
flips,84,37,2199747,1101797,49.91255812600267
flips,84,60,2204251,1015423,53.933422282671074
flips,84,27,2193843,1032654,52.929448460988326
flips,84,92,2185418,1085919,50.310695711301
flips,84,59,2212010,1121072,49.318854797220624
flips,84,68,2197106,1145439,47.86601101630964
flips,84,35,2203970,1008060,54.26162788059729
flips,84,69,2213319,935122,57.7502384428092
flips,84,39,2230292,1050401,52.90298310714472
flips,85,94,2185818,1065172,51.268952858838205
flips,85,98,2242151,1161396,48.201704523914756
flips,85,86,2206377,1086174,50.77115107708248
flips,85,5,2195092,1003003,54.30701765575201
flips,85,69,2220233,950744,57.178188055037474
flips,85,27,2215238,1101470,50.27757739800418
flips,85,70,2241761,1001867,55.30892900715108
flips,85,80,2251532,603746,73.18510241026999
flips,85,4,2228862,814683,63.44847729469119
flips,85,53,2198922,1062310,51.68950967792401
flips,86,23,2198707,1166984,46.92407856071773
flips,86,57,2194336,1175008,46.45268545929155
flips,86,43,2207833,1151393,47.84963355471179
flips,86,34,2179059,1171685,46.22977165831673
flips,86,53,2174378,1156493,46.81269770021588
flips,86,21,2176628,1087941,50.017136598444935
flips,86,4,2193057,887777,59.51874483882544
flips,86,88,2191291,1108849,49.397455655136625
flips,86,2,2203210,1168000,46.986442508884764
flips,86,71,2174987,1153174,46.98018884710575
flips,87,63,2172269,1072433,50.63074600797599
flips,87,92,2161921,1094902,49.35513369822486
flips,87,12,2165796,1046916,51.66137530958594
flips,87,72,2173551,1056559,51.39019052232958
flips,87,14,2170989,1096106,49.51121355290147
flips,87,23,2232483,1127425,49.49905553592121
flips,87,79,2167165,1092606,49.58362653512769
flips,87,18,2169260,1018338,53.055973004619084
flips,87,82,2210273,1105505,49.98332785135592
flips,87,7,2171602,1022920,52.89560425897564
flips,88,81,2152119,993909,53.81719133560922
flips,88,61,2172523,988657,54.4926797092597
flips,88,8,2164316,1062122,50.925742821288566
flips,88,49,2169277,1054445,51.39186927257331
flips,88,36,2167639,990595,54.30073919135059
flips,88,75,2159352,1013277,53.07495026285663
flips,88,46,2279586,1044977,54.15935174193911
flips,88,19,2192164,1043749,52.3872757695136
flips,88,25,2176374,1003196,53.90516519679063
flips,88,42,2218453,905808,59.16938515262663
flips,89,11,2152744,1079308,49.86361592460599
flips,89,52,2146676,1067461,50.27377210161198
flips,89,60,2171234,1097873,49.435528367739266
flips,89,41,2159068,1000502,53.66046831317958
flips,89,50,2195114,1040290,52.60883944979623
flips,89,46,2231809,1065985,52.23672814295488
flips,89,55,2214060,694354,68.63888060847493
flips,89,40,2187602,932128,57.390421109507116
flips,89,3,2172990,1045113,51.90438060000275
flips,89,75,2152025,1074214,50.083572449204816
flips,90,16,2149271,1084271,49.551685199307116
flips,90,37,2153674,1151873,46.515907235728335
flips,90,89,2152769,1065076,50.52530020638536
flips,90,48,2152309,1139352,47.063734807595004
flips,90,52,2161369,1108002,48.73610197981002
flips,90,20,2147426,1068286,50.25272116478053
flips,90,93,2144271,1112731,48.10679247166053
flips,90,73,2196440,1139688,48.112035839813515
flips,90,51,2143021,1095692,48.8716162837415
flips,90,96,2198816,956808,56.48530845691499
flips,91,29,2135394,994075,53.44770098632851
flips,91,63,2159878,929657,56.957892992104185
flips,91,54,2133461,976145,54.24594121945514
flips,91,2,2153901,894270,58.481378670607434
flips,91,68,2141996,1067500,50.16330562708801
flips,91,16,2168632,1028726,52.56336713651739
flips,91,45,2143355,958899,55.26177418113192
flips,91,20,2156419,1112186,48.42440175123666
flips,91,35,2159997,967188,55.222715587104986
flips,91,70,2242267,905434,59.61970630616247
flips,92,86,2139548,988776,53.7857528786454
flips,92,74,2140118,1070522,49.97836567890182
flips,92,98,2179169,1117987,48.696636194806366
flips,92,85,2142501,1076157,49.77099193886024
flips,92,95,2131063,1098543,48.45093739603193
flips,92,35,2141349,1086301,49.2702497350969
flips,92,91,2158045,1048377,51.42005843251647
flips,92,15,2122910,995790,53.09315986075717
flips,92,14,2159370,1093305,49.369260478750746
flips,92,29,2168384,1120883,48.30791040701278
flips,93,98,2143767,992204,53.71679851401762
flips,93,55,2177480,728427,66.54724727666844
flips,93,91,2132209,1062349,50.17613188950989
flips,93,2,2155584,1050663,51.2585452480627
flips,93,69,2147733,998575,53.50562663049829
flips,93,35,2144883,817465,61.88766473509277
flips,93,21,2161711,1010077,53.27418882542578
flips,93,94,2168772,1117038,48.49444754911997
flips,93,46,2304634,1143012,50.40375174539644
flips,93,72,2180048,957106,56.09702171695302
flips,94,46,2193183,1089278,50.33346510528305
flips,94,92,2116958,1046746,50.55423867644044
flips,94,91,2128423,1140825,46.40045705200517
flips,94,90,2157436,807614,62.566027451104
flips,94,66,2154026,928799,56.88078973977102
flips,94,21,2129888,1058512,50.3019877101519
flips,94,35,2131280,1132234,46.875398821365565
flips,94,98,2213474,1132660,48.82885455171373
flips,94,19,2175867,1104911,49.219736316603914
flips,94,36,2143912,1051509,50.95372384687431
flips,95,91,2118901,1162641,45.12999899476191
flips,95,88,2113428,1033176,51.11373559922552
flips,95,12,2110423,1021906,51.578143339036764
flips,95,36,2113368,1096849,48.09947912526356
flips,95,79,2113009,1152307,45.46606285160168
flips,95,35,2129266,1139218,46.497149722016886
flips,95,18,2112844,1123027,46.84761392701024
flips,95,5,2139304,1002345,53.14621016928871
flips,95,1,2117022,973388,54.020884053165254
flips,95,46,2260874,1138957,49.623154585350626
flips,96,31,2101336,1026039,51.17206386793926
flips,96,91,2110489,1086035,48.54107270874191
flips,96,82,2126683,1048677,50.68954799563452
flips,96,34,2113626,1065165,49.60484967539196
flips,96,36,2104026,1091750,48.11138265401663
flips,96,6,2103364,1045072,50.31425849258616
flips,96,35,2108749,1109937,47.36514397872862
flips,96,71,2105329,1026285,51.25298706282961
flips,96,52,2135582,979304,54.14346065849964
flips,96,64,2101360,1063308,49.39905584954506
flips,97,23,2121203,1030057,51.43996119183312
flips,97,11,2095706,1029949,50.85431830609828
flips,97,29,2096282,983159,53.09986919698781
flips,97,91,2101150,1059268,49.586274183185395
flips,97,92,2093326,1037848,50.42110020130644
flips,97,27,2100037,955197,54.515229969757684
flips,97,14,2101461,993829,52.70771144456167
flips,97,44,2105897,955201,54.64160877763727
flips,97,40,2144625,751271,64.96958675759166
flips,97,65,2106956,792372,62.39257013435496
flips,98,81,2084684,938417,54.98516801587194
flips,98,91,2095905,1100819,47.477628995589015
flips,98,27,2092296,1019968,51.251256992318496
flips,98,41,2109450,1064502,49.536514257270845
flips,98,74,2097687,1087376,48.163095828882
flips,98,44,2098598,1088564,48.12898897263792
flips,98,23,2169577,1109585,48.85708135733371
flips,98,62,2096114,986148,52.95351302457787
flips,98,57,2170011,1047664,51.72079772867511
flips,98,40,2162141,951831,55.97738537865939
flips,99,59,2103130,1061250,49.53949589421482
flips,99,91,2089310,1127021,46.057741551038376
flips,99,57,2138563,1152990,46.08575945623299
flips,99,74,2095466,1112486,46.909852032912966
flips,99,54,2083549,1135750,45.48964291216573
flips,99,3,2128498,1161455,45.43311762566843
flips,99,23,2179721,1183848,45.688094944261216
flips,99,84,2088171,1031978,50.579813626374474
flips,99,98,2186215,1207209,44.780865559883175
flips,99,44,2113672,1103111,47.81068207366138
fedavg,0,68,4622121,1363239,70.50620267189025
fedavg,0,67,4621987,1499220,67.5633012381904
fedavg,0,16,4621796,1538936,66.70264113777415
fedavg,0,27,4621998,1245286,73.05740937144499
fedavg,0,50,4621444,1535188,66.78120518175704
fedavg,0,26,4621616,1230903,73.36639391935636
fedavg,0,11,4621621,1295051,71.97842488598698
fedavg,0,69,4622136,1553484,66.39034420449765
fedavg,0,51,4622053,1818218,60.66211270186647
fedavg,0,89,4621749,1072567,76.79304955764582
fedavg,1,17,4621456,620713,86.56888651541851
fedavg,1,87,4621136,726092,84.28758642896466
fedavg,1,41,4621272,595479,87.11439188171568
fedavg,1,12,4621705,818454,82.29108088897928
fedavg,1,32,4621587,576593,87.5239176499328
fedavg,1,35,4621367,468119,89.87055128926139
fedavg,1,48,4621449,840086,81.8220216213573
fedavg,1,88,4621404,898825,80.55082394873938
fedavg,1,6,4621368,530066,88.5301062369411
fedavg,1,72,4621477,692932,85.00626531301573
fedavg,2,30,4621551,828436,82.074502694009
fedavg,2,88,4621106,1158770,74.92440121477412
fedavg,2,82,4621621,964203,79.13712526405779
fedavg,2,1,4621222,978580,78.82421575938139
fedavg,2,22,4621499,1082878,76.5686847492556
fedavg,2,52,4621333,840167,81.8198125951971
fedavg,2,81,4621546,755896,83.64408793074871
fedavg,2,94,4621464,1105686,76.07498403103432
fedavg,2,84,4621171,996938,78.42672344304074
fedavg,2,55,4621963,1133236,75.4814999600819
fedavg,3,13,4621825,1250461,72.94443212367409
fedavg,3,47,4621513,1199452,74.04633504222535
fedavg,3,17,4621658,833839,81.95801160535893
fedavg,3,21,4621611,1197618,74.08656851474518
fedavg,3,77,4621550,1185058,74.35799677597343
fedavg,3,73,4621795,1207292,73.87828754845249
fedavg,3,55,4622206,1077630,76.6858075992286
fedavg,3,62,4621774,1158207,74.94020694218281
fedavg,3,48,4621853,1316976,71.50545463042637
fedavg,3,82,4621907,1106712,76.05507856389148
fedavg,4,7,4621787,1261156,72.71280567451508
fedavg,4,75,4622068,1280491,72.29614536177313
fedavg,4,9,4621795,1215775,73.69474414161597
fedavg,4,87,4622085,1258975,72.76175146065033
fedavg,4,17,4621872,1030288,77.70842636922875
fedavg,4,29,4621940,987105,78.64305897523552
fedavg,4,28,4621647,1187774,74.29976802642003
fedavg,4,74,4621759,1157257,74.96068055474116
fedavg,4,63,4621846,1302500,71.81861965976366
fedavg,4,41,4622068,1248004,72.99901256320764
fedavg,5,57,4622095,1345914,70.88086679308842
fedavg,5,83,4621923,1307700,71.70658187079275
fedavg,5,12,4622040,1382084,70.09796540055906
fedavg,5,97,4622166,1258043,72.78239249737028
fedavg,5,96,4622419,1318852,71.46835888308698
fedavg,5,80,4622337,1062325,77.01757790485635
fedavg,5,40,4622124,1134750,75.44959849627574
fedavg,5,95,4621688,875386,81.05917145423923
fedavg,5,88,4621837,1346827,70.8594872558249
fedavg,5,16,4621873,1298667,71.90171603590146
fedavg,6,38,4622345,426044,90.78294675105386
fedavg,6,87,4622519,893991,80.66009031006686
fedavg,6,91,4622393,1267163,72.58642871776588
fedavg,6,39,4622051,1312706,71.59905851320117
fedavg,6,92,4622071,1382278,70.0939686993125
fedavg,6,52,4622001,1403362,69.63734971065563
fedavg,6,72,4622126,1368261,70.3975832766134
fedavg,6,81,4622017,1298509,71.90600986538993
fedavg,6,20,4622057,1361802,70.53688433526459
fedavg,6,25,4622503,1159120,74.92440783705278
fedavg,7,71,4622726,1315349,71.54603149743247
fedavg,7,23,4622362,1504597,67.44960693255959
fedavg,7,48,4622596,1543489,66.60990923714726
fedavg,7,4,4622558,1443906,68.76391815959909
fedavg,7,46,4622514,1433539,68.98789273542492
fedavg,7,13,4622116,1485062,67.87051644744528
fedavg,7,62,4622887,1525605,66.99886888864037
fedavg,7,45,4622289,1385296,70.03008682494756
fedavg,7,56,4622526,1467266,68.25835052090568
fedavg,7,28,4622116,1513932,67.24591074737198
fedavg,8,9,4622874,1499145,67.57114729927747
fedavg,8,89,4623057,1422477,69.23081415608763
fedavg,8,4,4622490,1415000,69.38879262042752
fedavg,8,26,4622771,1490040,67.767384540571
fedavg,8,75,4622544,1479769,67.98799535493876
fedavg,8,51,4622388,1445279,68.7330661121481
fedavg,8,82,4622492,1534600,66.8014568765073
fedavg,8,18,4622085,1401524,69.67766711343474
fedavg,8,47,4622790,1350957,70.77615465984827
fedavg,8,38,4623234,572120,87.62511263760389
fedavg,9,24,4623103,1008364,78.18858891960659
fedavg,9,13,4622746,1528563,66.93387436817856
fedavg,9,81,4622757,1333191,71.16026215524631
fedavg,9,40,4623139,1439487,68.86342807343668
fedavg,9,38,4623312,890057,80.74849804642213
fedavg,9,27,4622981,1031019,77.69796155337865
fedavg,9,53,4622370,1489000,67.78708757628662
fedavg,9,45,4622983,1203978,73.95668554264638
fedavg,9,5,4622825,1340971,70.99239101631578
fedavg,9,42,4622676,1486711,67.83873669709925
fedavg,10,94,4623031,1482863,67.92444177856476
fedavg,10,76,4623163,1605467,65.27340697267216
fedavg,10,57,4622710,1623468,64.88060034049292
fedavg,10,52,4622944,1524410,67.02512511507818
fedavg,10,26,4623312,1570552,66.02972068508464
fedavg,10,2,4623184,1481965,67.94492713246974
fedavg,10,48,4623186,1529611,66.91435300245328
fedavg,10,71,4622850,1446593,68.70776685378068
fedavg,10,69,4623058,1501204,67.52790036378518
fedavg,10,39,4623279,1623891,64.87577323367246
fedavg,11,55,4623548,1240425,73.1715773254652
fedavg,11,41,4623719,1348286,70.83979368123366
fedavg,11,0,4622982,1506798,67.40636238687496
fedavg,11,30,4623347,1577563,65.87833446202502
fedavg,11,34,4623410,1314871,71.56057974525297
fedavg,11,98,4623504,1653521,64.23662659316398
fedavg,11,69,4622984,1521705,67.0839224189398
fedavg,11,86,4622804,1565845,66.12780900942371
fedavg,11,73,4623297,1638756,64.55438618803854
fedavg,11,15,4622687,1610763,65.15526575777248
fedavg,12,51,4623174,1538551,66.72089348140476
fedavg,12,1,4623186,1315883,71.537312147943
fedavg,12,85,4623263,1597258,65.4517166771607
fedavg,12,80,4624549,756104,83.65021108004261
fedavg,12,44,4623772,672848,85.44807140144454
fedavg,12,5,4623534,1443726,68.77440503303318
fedavg,12,46,4624093,1433897,68.9907404543983
fedavg,12,15,4622985,1607900,65.21944155129208
fedavg,12,54,4623689,1575519,65.92506546179902
fedavg,12,57,4623697,1526978,66.97495532254817
fedavg,13,91,4623971,1625225,64.85218008503946
fedavg,13,94,4623936,1655669,64.19351392406816
fedavg,13,32,4623342,1331783,71.19436546117505
fedavg,13,7,4623482,1590176,65.60652772088223
fedavg,13,71,4623436,1489223,67.78969147620947
fedavg,13,90,4624121,1446283,68.7230719092342
fedavg,13,51,4623885,1555173,66.36652944439578
fedavg,13,60,4623735,1429736,69.0783316950474
fedavg,13,92,4624063,1619427,64.97826694835256
fedavg,13,28,4623336,1332591,71.17685152020098
fedavg,14,64,4623741,1419763,69.2940629676273
fedavg,14,44,4623912,1563279,66.1914197329015
fedavg,14,31,4624115,1496280,67.6418082162749
fedavg,14,39,4624190,1516200,67.21155488853184
fedavg,14,27,4623839,1475498,68.08933009994509
fedavg,14,56,4623916,1514064,67.25580655011899
fedavg,14,63,4624027,1621574,64.9315628996111
fedavg,14,94,4624059,1538715,66.72371611175376
fedavg,14,79,4623720,1568324,66.08090455304388
fedavg,14,40,4624008,1433328,69.00247577426337
fedavg,15,52,4624453,1339567,71.03296324992382
fedavg,15,23,4624338,1623540,64.89140715925177
fedavg,15,54,4624319,1655013,64.21066539743474
fedavg,15,77,4624008,1598016,65.44089024067432
fedavg,15,96,4624520,1244441,73.09037478484252
fedavg,15,59,4624236,1540764,66.68067979229434
fedavg,15,83,4624172,1409857,69.5111470767091
fedavg,15,78,4624689,1042758,77.45236490496983
fedavg,15,92,4624145,985037,78.69796470482652
fedavg,15,35,4624485,1519737,67.13716230023452
fedavg,16,92,4624242,1611721,65.1462661339956
fedavg,16,15,4624368,1709935,63.0233796272269
fedavg,16,87,4624052,1694659,63.35121231335634
fedavg,16,62,4624399,1717491,62.86023329734307
fedavg,16,55,4624811,1344487,70.92882282108393
fedavg,16,75,4624710,1162452,74.86432662804803
fedavg,16,31,4624234,1615298,65.06885248454122
fedavg,16,57,4624452,1647421,64.3758655079564
fedavg,16,60,4624472,1640485,64.52600426600053
fedavg,16,52,4624551,1584655,65.7338625955255
fedavg,17,4,4624710,1457821,68.47756940435184
fedavg,17,92,4624552,1687222,63.515990305655556
fedavg,17,60,4624979,1589366,65.63517369484273
fedavg,17,27,4624466,1530998,66.89351808403391
fedavg,17,10,4624628,1599766,65.40768252062652
fedavg,17,65,4624277,1523908,67.04548624574176
fedavg,17,44,4624973,1671406,63.861280919910236
fedavg,17,80,4625117,1194117,74.18190718202372
fedavg,17,55,4625235,951162,79.43538004014931
fedavg,17,49,4624715,1447023,68.7110881427288
fedavg,18,98,4625056,1697596,63.295666041665235
fedavg,18,54,4624833,1671284,63.86282488470394
fedavg,18,74,4625288,1639307,64.55773132397378
fedavg,18,85,4624811,1686496,63.53373143248449
fedavg,18,50,4624945,1525068,67.0251646235793
fedavg,18,41,4624934,1481016,67.97757546377959
fedavg,18,76,4624684,1711896,62.98350330530691
fedavg,18,15,4625073,1637870,64.58715354330624
fedavg,18,59,4624986,1677245,63.73513346851212
fedavg,18,83,4624860,1566681,66.12479080447841
fedavg,19,53,4625425,1586041,65.71037256035932
fedavg,19,64,4624984,1565602,66.14902883988356
fedavg,19,92,4624952,1604358,65.3108183609257
fedavg,19,4,4625076,1513915,67.26724058156017
fedavg,19,88,4625097,1656011,64.19510769179544
fedavg,19,46,4624855,1665353,63.99123864423857
fedavg,19,21,4624755,1568195,66.09128483562914
fedavg,19,81,4624762,1602368,65.3524224597936
fedavg,19,47,4624925,1633224,64.68647599690807
fedavg,19,41,4625100,1706580,63.101770772523835
fedavg,20,41,4625559,1733989,62.512876822023024
fedavg,20,15,4625020,1726858,62.66269118836243
fedavg,20,1,4625030,1545235,66.5897302287769
fedavg,20,44,4625303,1616506,65.05080856324439
fedavg,20,79,4625062,1721856,62.77118014850396
fedavg,20,73,4625424,1647039,64.39161036912509
fedavg,20,94,4625825,1636289,64.6270881410343
fedavg,20,70,4625736,1493017,67.72368764667935
fedavg,20,57,4625277,1701529,63.21238706352074
fedavg,20,54,4625112,1660667,64.0945559804822
fedavg,21,29,4625370,1655336,64.21181440619885
fedavg,21,0,4625380,1538317,66.7418244555042
fedavg,21,31,4625121,1629706,64.7640353625343
fedavg,21,91,4625380,1764310,61.855890759245725
fedavg,21,27,4625268,1520520,67.12579681869245
fedavg,21,8,4625367,1491801,67.74740253043706
fedavg,21,13,4624960,1570189,66.049673943126
fedavg,21,25,4625593,1689042,63.484854806724236
fedavg,21,98,4625994,1574022,65.97440463606307
fedavg,21,70,4626033,1328764,71.27638302623436
fedavg,22,69,4625728,1145353,75.23950824605338
fedavg,22,61,4625903,1360230,70.59536267837869
fedavg,22,60,4625797,1709829,63.03709393213753
fedavg,22,44,4626059,1675513,63.78098506741916
fedavg,22,55,4626209,1141377,75.32802776528254
fedavg,22,3,4625891,1329807,71.25295429572378
fedavg,22,84,4625499,1669856,63.898900421338325
fedavg,22,1,4625588,1723920,62.73079227981394
fedavg,22,28,4625808,1689844,63.46921445939822
fedavg,22,99,4625967,1624929,64.87374423552956
fedavg,23,65,4625783,1625198,64.86653178499726
fedavg,23,87,4625470,1684131,63.59005679422848
fedavg,23,50,4626340,1330103,71.24934613538996
fedavg,23,32,4625729,1487722,67.8381072475279
fedavg,23,7,4625943,1566684,66.13265662806481
fedavg,23,92,4625729,1660368,64.10580905193538
fedavg,23,3,4626255,1732446,62.55186970886819
fedavg,23,54,4626059,1585599,65.72462651254556
fedavg,23,90,4626018,1016472,78.02706344852095
fedavg,23,39,4625957,1403138,69.66815731317865
fedavg,24,13,4625673,1584341,65.7489623672058
fedavg,24,27,4625946,1643275,64.47699562424637
fedavg,24,67,4626494,1641397,64.52179555404157
fedavg,24,7,4626108,1646811,64.40180384893738
fedavg,24,71,4626012,1706446,63.11194177619945
fedavg,24,22,4626155,1678374,63.719892653834556
fedavg,24,19,4626028,1723773,62.73751477509432
fedavg,24,65,4626200,1639746,64.55522891357917
fedavg,24,2,4626099,1778171,61.562193113463415
fedavg,24,38,4627070,751049,83.76836745499851
fedavg,25,75,4626630,799908,82.7107851719286
fedavg,25,73,4625967,1753170,62.101545471465755
fedavg,25,36,4626608,1557565,66.33462355142255
fedavg,25,66,4626067,1736459,62.4636002894035
fedavg,25,86,4626838,1661880,64.08173357269047
fedavg,25,88,4626444,1603601,65.33836786957758
fedavg,25,56,4626596,1620127,64.9823109690148
fedavg,25,39,4626470,1700073,63.25334434244682
fedavg,25,71,4626133,1752493,62.117539638397766
fedavg,25,6,4626345,1624707,64.88141286479932
fedavg,26,68,4626487,1762573,61.90256235454677
fedavg,26,42,4627063,1537505,66.77147036900082
fedavg,26,27,4626578,1638303,64.58931417561749
fedavg,26,37,4626437,1790203,61.30493077069892
fedavg,26,13,4626144,1730670,62.58936168005147
fedavg,26,72,4626718,1540296,66.70866908249
fedavg,26,34,4626392,1635214,64.65465961379839
fedavg,26,99,4626759,1671719,63.868466025569944
fedavg,26,24,4626667,1685469,63.570557379642835
fedavg,26,19,4626648,1746604,62.24904077422791
fedavg,27,73,4626942,1747868,62.22412124465792
fedavg,27,1,4626557,1613627,65.12250902777163
fedavg,27,40,4626889,1595491,65.5169812805105
fedavg,27,70,4627208,1365393,70.49207643140313
fedavg,27,29,4626773,1710495,63.030496633398705
fedavg,27,0,4626630,1620602,64.97230165368745
fedavg,27,88,4626477,1613716,65.11998222405515
fedavg,27,81,4626595,1680722,63.67259291120144
fedavg,27,20,4626525,1588472,65.66598040646056
fedavg,27,32,4626326,1486813,67.86190597030992
fedavg,28,42,4627383,1879971,59.37291121136936
fedavg,28,27,4627266,1713129,62.97751199088187
fedavg,28,22,4626841,1576027,65.93729933663161
fedavg,28,88,4627065,1678590,63.72235963834525
fedavg,28,2,4626868,1769229,61.761844081136516
fedavg,28,54,4627099,1591142,65.61253606201207
fedavg,28,43,4627241,1652702,64.28320893595125
fedavg,28,57,4627324,1799293,61.1159062991915
fedavg,28,77,4626831,1763856,61.87766529618221
fedavg,28,99,4627295,1681890,63.65284685761337
fedavg,29,38,4627456,986625,78.67888965340784
fedavg,29,83,4626963,661438,85.70470522457171
fedavg,29,8,4627293,1830505,60.4411261616673
fedavg,29,76,4627298,1694969,63.370221671480856
fedavg,29,62,4626933,1567715,66.1176204626261
fedavg,29,35,4627413,1703009,63.197384802264246
fedavg,29,86,4627111,1656659,64.19668773885043
fedavg,29,14,4627107,1829600,60.45909463515756
fedavg,29,31,4626975,1825034,60.556648782411834
fedavg,29,34,4626953,1638114,64.59626886203512
fedavg,30,29,4627366,1797458,61.15591461751675
fedavg,30,67,4627951,1128471,75.6161852189014
fedavg,30,55,4628025,1373537,70.32131416749046
fedavg,30,95,4627849,1092394,76.3952108204049
fedavg,30,22,4627366,1846074,60.105295323516664
fedavg,30,8,4627257,1591024,65.61626034603222
fedavg,30,37,4627609,1874559,59.4918455729514
fedavg,30,80,4628321,909458,80.3501528956181
fedavg,30,12,4627713,1750032,62.18365313492864
fedavg,30,27,4627420,1528542,66.9677271568174
fedavg,31,23,4627560,1777830,61.58169748204237
fedavg,31,86,4627531,1610607,65.19511160487093
fedavg,31,30,4627680,1695221,63.36779984787193
fedavg,31,88,4627641,1787536,61.37263024508599
fedavg,31,55,4628765,1107079,76.08262679137955
fedavg,31,70,4627621,1350718,70.81182750272764
fedavg,31,81,4627157,1271237,72.52660759079494
fedavg,31,0,4627408,1661690,64.09026392312931
fedavg,31,41,4627578,1742688,62.341250649908005
fedavg,31,51,4627590,1614438,65.11276928163471
fedavg,32,37,4627887,1762082,61.92469695133005
fedavg,32,52,4627285,1639759,64.56325901689652
fedavg,32,82,4628045,1661574,64.09771296519374
fedavg,32,51,4627725,1702795,63.20449032732066
fedavg,32,44,4627776,1674837,63.80903051487367
fedavg,32,27,4628374,1727885,62.667558844639615
fedavg,32,50,4628293,1424030,69.23206892908466
fedavg,32,43,4628075,1606157,65.29535498020236
fedavg,32,17,4628907,1119468,75.8157163235295
fedavg,32,79,4628084,627413,86.44335323213667
fedavg,33,16,4628344,1603085,65.36374565071222
fedavg,33,19,4628425,1800106,61.107590595072836
fedavg,33,47,4627529,1743744,62.31803193453784
fedavg,33,8,4627972,1744038,62.31528626361611
fedavg,33,53,4627986,1639259,64.57943044771527
fedavg,33,57,4627917,1662846,64.06923460381853
fedavg,33,64,4627865,1600257,65.42126877080467
fedavg,33,98,4628367,1634680,64.68127959602165
fedavg,33,25,4628075,1722894,62.772988769628846
fedavg,33,44,4628605,1733708,62.543617353392655
fedavg,34,50,4628049,1533302,66.86936547128175
fedavg,34,62,4628021,1726833,62.68744242949632
fedavg,34,52,4628193,1571754,66.03957527268201
fedavg,34,94,4629019,1692803,63.430631846618034
fedavg,34,5,4628949,1420722,69.30789256913394
fedavg,34,51,4628340,1676403,63.77960564694901
fedavg,34,93,4628012,1521872,67.11607489349637
fedavg,34,19,4628381,1781015,61.519697708550794
fedavg,34,69,4628605,1308750,71.72474211992599
fedavg,34,96,4628503,1711125,63.03070344774542
fedavg,35,96,4629148,1603753,65.35533104579936
fedavg,35,4,4628476,1667234,63.97876968574538
fedavg,35,26,4628552,1783858,61.459696250576854
fedavg,35,80,4630539,428408,90.74820447468427
fedavg,35,83,4628647,1085401,76.55036126107694
fedavg,35,40,4628644,1523641,67.08234636321134
fedavg,35,43,4628490,1746224,62.27227454310154
fedavg,35,48,4628339,1812101,60.84770367944095
fedavg,35,9,4628392,1660811,64.11688983992713
fedavg,35,46,4628620,1798803,61.13738003983909
fedavg,36,21,4628571,1707735,63.10448732448957
fedavg,36,39,4628907,1731871,62.5857464839972
fedavg,36,34,4628822,1686024,63.575527423607994
fedavg,36,46,4628987,1753868,62.11119193032947
fedavg,36,20,4628719,1661963,64.09453673899841
fedavg,36,59,4628523,1742051,62.36270188135611
fedavg,36,6,4628240,1773958,61.671002368070795
fedavg,36,98,4628813,1754157,62.10352416483449
fedavg,36,84,4628723,1572700,66.02302622127097
fedavg,36,80,4630119,356834,92.29320023956188
fedavg,37,44,4628979,1623904,64.91874342052535
fedavg,37,27,4629231,1769921,61.76641433533994
fedavg,37,28,4628881,1587777,65.69847010540992
fedavg,37,17,4630503,793665,82.86006941362525
fedavg,37,37,4629443,873124,81.13976130605776
fedavg,37,21,4628668,1696113,63.35634787372955
fedavg,37,16,4628753,1704492,63.17600010197131
fedavg,37,43,4628869,1802969,61.04947018375331
fedavg,37,51,4628769,1625713,64.87807017373302
fedavg,37,85,4628552,1780520,61.53181383724326
fedavg,38,0,4628711,1651918,64.31148974304077
fedavg,38,9,4629056,1719283,62.85888526732016
fedavg,38,1,4628809,1586115,65.73384211791846
fedavg,38,24,4629166,1736295,62.492271826069754
fedavg,38,37,4629526,1769623,61.775287578037144
fedavg,38,90,4629696,939842,79.69970382504596
fedavg,38,14,4629411,1451593,68.64411044947187
fedavg,38,73,4629425,1728102,62.67134687353181
fedavg,38,26,4629351,1768182,61.80497007031871
fedavg,38,23,4629317,1673969,63.83982777589006
fedavg,39,66,4629280,1726039,62.71474181730204
fedavg,39,77,4628979,1643488,64.49566956341776
fedavg,39,39,4629729,1755275,62.08687376734146
fedavg,39,59,4629503,1801345,61.08988373049979
fedavg,39,58,4629273,1771887,61.72429234568797
fedavg,39,74,4629187,1596340,65.5157590306894
fedavg,39,93,4629280,1758866,62.00562506480489
fedavg,39,94,4629368,1594147,65.56447877982481
fedavg,39,10,4629352,1671983,63.883001335824105
fedavg,39,96,4629124,1335564,71.14866657276842
fedavg,40,32,4629034,1222289,73.59516045896402
fedavg,40,8,4629625,1705772,63.15528795528795
fedavg,40,95,4629402,1741581,62.380000699874415
fedavg,40,2,4629748,1690386,63.488595923579425
fedavg,40,41,4629265,1742581,62.35728565981857
fedavg,40,31,4629688,1737100,62.479113063342496
fedavg,40,76,4629445,1668428,63.96051794545566
fedavg,40,24,4629737,1766213,61.85068395893762
fedavg,40,71,4629214,1779376,61.56202759258915
fedavg,40,13,4629018,1630096,64.78527411213351
fedavg,41,24,4629946,1680419,63.70542982574743
fedavg,41,25,4629837,1928917,58.33725895749677
fedavg,41,85,4629756,1761312,61.95669922993782
fedavg,41,67,4629534,1434719,69.0094294587749
fedavg,41,20,4629581,1800763,61.10311062707403
fedavg,41,42,4629810,1848626,60.0712340247224
fedavg,41,45,4629399,1668116,63.96689937505926
fedavg,41,84,4629618,1742652,62.358622244859085
fedavg,41,35,4629586,1618842,65.03268326800712
fedavg,41,40,4629860,1560104,66.30343034130621
fedavg,42,47,4629912,1771422,61.73961837719594
fedavg,42,95,4629715,1645219,64.46392488522513
fedavg,42,22,4629869,1690280,63.4918396179244
fedavg,42,50,4629971,1608776,65.25300050475478
fedavg,42,68,4630045,1801403,61.093185919359314
fedavg,42,31,4629749,1760332,61.977809164168505
fedavg,42,49,4629995,1843156,60.190972128479615
fedavg,42,7,4630134,1703816,63.2015833667017
fedavg,42,6,4629754,1648108,64.40182350941323
fedavg,42,83,4629941,1695162,63.386963246399894
fedavg,43,40,4630200,1462447,68.41503606755649
fedavg,43,78,4630821,686106,85.18392310996258
fedavg,43,84,4630457,916145,80.214803851974
fedavg,43,82,4630337,1722976,62.78940388140215
fedavg,43,24,4630418,1892496,59.12904623297508
fedavg,43,53,4629808,1721413,62.818911712969516
fedavg,43,55,4631246,969601,79.06392793645598
fedavg,43,67,4630439,1516990,67.23874345391441
fedavg,43,21,4629682,1649103,64.37977813594972
fedavg,43,64,4630097,1723584,62.77434360446444
fedavg,44,60,4630365,1742677,62.364154877639244
fedavg,44,51,4630517,1713482,62.995881453410064
fedavg,44,79,4630044,1654376,64.26867649637886
fedavg,44,64,4630173,1618230,65.05033397240231
fedavg,44,68,4630474,1640375,64.57436106973066
fedavg,44,32,4630031,1734397,62.540272408543274
fedavg,44,29,4630396,1651758,64.32793221141345
fedavg,44,78,4631574,788216,82.98168182134195
fedavg,44,58,4630306,877343,81.05215940371974
fedavg,44,57,4630742,1771256,61.75006078939401
fedavg,45,89,4630414,1815328,60.795557373487554
fedavg,45,52,4630450,1682239,63.67007526266346
fedavg,45,25,4630394,1615166,65.11817352907765
fedavg,45,14,4630398,1864046,59.743287726022686
fedavg,45,97,4630082,1582127,65.8293956780895
fedavg,45,29,4630288,1762296,61.939818862239235
fedavg,45,86,4630251,1745890,62.29383677040402
fedavg,45,64,4630581,1774885,61.670360587580696
fedavg,45,53,4630535,1671479,63.903112707278964
fedavg,45,9,4630642,1665479,64.03351846245077
fedavg,46,44,4630791,1595157,65.55324997392454
fedavg,46,78,4632084,713178,84.60351755279049
fedavg,46,88,4631072,982700,78.78029104276504
fedavg,46,9,4630511,1696826,63.35553462673991
fedavg,46,93,4630501,1702845,63.225469555022244
fedavg,46,48,4630562,1684707,63.61765591304036
fedavg,46,87,4630446,1806701,60.98213865359838
fedavg,46,58,4630449,1762187,61.94349619226991
fedavg,46,52,4630663,1815765,60.7882283811195
fedavg,46,81,4630198,1537902,66.78539449068917
fedavg,47,13,4630887,1475974,68.12761788400366
fedavg,47,86,4631187,1657541,64.20915415421575
fedavg,47,8,4630561,1799485,61.13894191222187
fedavg,47,85,4630615,1791784,61.305701294536476
fedavg,47,51,4631140,1674078,63.85170821871073
fedavg,47,95,4630545,1769561,61.78503826223479
fedavg,47,55,4631617,1149934,75.17208352935918
fedavg,47,58,4630607,1237346,73.27896753060668
fedavg,47,76,4631142,1822908,60.638045648351955
fedavg,47,89,4630952,1843556,60.19056124960915
fedavg,48,43,4631256,1500322,67.60442523583235
fedavg,48,25,4631166,1747363,62.26948029934578
fedavg,48,54,4631195,1833054,60.41941658686365
fedavg,48,95,4630869,1741040,62.40360070647648
fedavg,48,3,4631081,1677750,63.77195734645971
fedavg,48,48,4631175,1801206,61.10693290579605
fedavg,48,10,4630711,1810211,60.90857321910177
fedavg,48,22,4631042,1720621,62.84592106916759
fedavg,48,20,4630811,1794776,61.2427283255568
fedavg,48,55,4631889,1070356,76.89158785972634
fedavg,49,44,4631206,1395028,69.87765173909344
fedavg,49,70,4631514,1237814,73.27409568447811
fedavg,49,41,4631210,1271607,72.54266163702358
fedavg,49,42,4630898,1871898,59.578077513259856
fedavg,49,19,4631301,1828594,60.51662373056729
fedavg,49,98,4631415,1826893,60.55432303086638
fedavg,49,89,4631555,1947410,57.95343032739544
fedavg,49,12,4631280,1863258,59.76796911437011
fedavg,49,52,4631172,1768275,61.81798041618838
fedavg,49,10,4631256,1825908,60.574237312729
fedavg,50,25,4631517,1613193,65.1692307293701
fedavg,50,71,4631319,1839005,60.291981614740855
fedavg,50,0,4631131,1523295,67.10749490783137
fedavg,50,47,4631053,1720421,62.85032799235941
fedavg,50,41,4631240,1722937,62.797501317141844
fedavg,50,99,4631236,1819862,60.70461535538245
fedavg,50,27,4631031,1740904,62.407852592651615
fedavg,50,40,4631863,984878,78.73689269306972
fedavg,50,58,4631434,1803011,61.07013508127288
fedavg,50,50,4631713,1561926,66.2775737615867
fedavg,51,50,4631569,1556266,66.39873010636353
fedavg,51,4,4631557,1788035,61.3945159262857
fedavg,51,98,4631912,1611597,65.20665763943703
fedavg,51,35,4631646,1681547,63.69439719702239
fedavg,51,52,4632033,1814710,60.82260208422522
fedavg,51,76,4631566,1804774,61.03317970638873
fedavg,51,38,4631829,500454,89.19532651140618
fedavg,51,36,4631297,1346600,70.92391181131333
fedavg,51,81,4630859,1624645,64.9169840843783
fedavg,51,9,4631592,1558633,66.34779142895142
fedavg,52,99,4631737,1790274,61.347675828744165
fedavg,52,25,4631951,1597688,65.50723442454378
fedavg,52,21,4631565,1900264,58.971449175386724
fedavg,52,43,4632134,1648790,64.40539069033841
fedavg,52,77,4631236,1661190,64.130741771743
fedavg,52,94,4631414,1766915,61.849340179910506
fedavg,52,20,4631781,1920380,58.539058733562754
fedavg,52,69,4631813,1561226,66.29341469528238
fedavg,52,84,4631941,1869388,59.641368488933686
fedavg,52,59,4631394,1764492,61.90149229368092
fedavg,53,74,4631505,1806054,61.005029682576186
fedavg,53,67,4631945,1625479,64.90720420903098
fedavg,53,15,4631922,1808747,60.95040028739689
fedavg,53,25,4631990,1698803,63.32455380948577
fedavg,53,86,4631464,1814056,60.8319097373962
fedavg,53,2,4631733,1808471,60.954765743189434
fedavg,53,13,4631355,1691931,63.46790518109711
fedavg,53,90,4631682,1579471,65.89854398466906
fedavg,53,63,4632001,1613610,65.16386762438091
fedavg,53,64,4631798,1771463,61.754312256277146
fedavg,54,86,4632062,1778593,61.60256490521932
fedavg,54,52,4632074,1809269,60.940412437279726
fedavg,54,67,4632023,1552234,66.48906967862638
fedavg,54,92,4631439,1733239,62.5766635380494
fedavg,54,40,4632663,1737412,62.49647341064956
fedavg,54,11,4631912,1687402,63.57007646086541
fedavg,54,31,4631693,1723836,62.78173013625903
fedavg,54,88,4631671,1943497,58.03896693007772
fedavg,54,26,4632204,1787865,61.4035780807581
fedavg,54,35,4632268,1620340,65.020590345809
fedavg,55,81,4631963,1472051,68.21971591741989
fedavg,55,43,4632647,1809659,60.93682510236589
fedavg,55,98,4631673,1837923,60.31837739840442
fedavg,55,85,4631760,1632253,64.75955144480716
fedavg,55,91,4632044,1839947,60.27786005486995
fedavg,55,40,4632482,1369393,70.43932388728116
fedavg,55,33,4631627,1732993,62.5834938780692
fedavg,55,66,4632074,1863720,59.76489149352968
fedavg,55,77,4632266,1769487,61.80083354453306
fedavg,55,32,4631569,1597614,65.5059872799045
fedavg,56,64,4632332,1658853,64.18967811460836
fedavg,56,47,4632105,1807231,60.98467111604767
fedavg,56,9,4632160,1836604,60.351024144243716
fedavg,56,88,4632418,1788391,61.3940063267175
fedavg,56,75,4632160,1727094,62.71514800870437
fedavg,56,90,4632466,1459931,68.48479837736532
fedavg,56,31,4632126,1331915,71.246140541082
fedavg,56,58,4632177,1704497,63.203111625484084
fedavg,56,23,4632539,1847328,60.1227750052401
fedavg,56,73,4631977,1907571,58.817347322752255
fedavg,57,49,4632244,1794276,61.265511920356516
fedavg,57,45,4632068,1647398,64.43493489301106
fedavg,57,43,4632707,1702860,63.242657046949006
fedavg,57,83,4632060,1812207,60.8768668799627
fedavg,57,54,4632383,1793775,61.277489361307126
fedavg,57,28,4631533,1689122,63.529958655158026
fedavg,57,98,4632690,1709087,63.108107816409046
fedavg,57,3,4632294,1814443,60.83057336170805
fedavg,57,13,4632162,1825867,60.582833674642636
fedavg,57,65,4632103,1723465,62.79303374730657
fedavg,58,62,4632182,1821102,60.68587115100399
fedavg,58,81,4632299,1795083,61.24855066566299
fedavg,58,32,4631848,1714442,62.98578882554005
fedavg,58,4,4632603,1732881,62.59379446069521
fedavg,58,54,4632272,1820711,60.695075764117476
fedavg,58,80,4633368,1005581,78.29697533198312
fedavg,58,23,4633133,925922,80.01520785179272
fedavg,58,47,4631931,1834127,60.40254053870837
fedavg,58,88,4632532,1915469,58.65179128821991
fedavg,58,89,4632695,1856864,59.9182765107567
fedavg,59,12,4632643,1787095,61.42385674872853
fedavg,59,73,4632512,1939101,58.141479180194246
fedavg,59,61,4632628,1638897,64.62273681374805
fedavg,59,92,4632713,1794487,61.26487870066632
fedavg,59,25,4632552,1859829,59.85303564860146
fedavg,59,89,4632997,1925484,58.43977451312833
fedavg,59,20,4632852,1874173,59.54602046428421
fedavg,59,88,4632581,1814868,60.823825854313185
fedavg,59,50,4633026,1631271,64.79037674297533
fedavg,59,95,4632435,1459771,68.48804138644147
fedavg,60,4,4632696,1750352,62.2174215618724
fedavg,60,47,4633042,1892347,59.15541020349049
fedavg,60,17,4633428,1046506,77.41400103767664
fedavg,60,93,4633118,1141623,75.35950951389539
fedavg,60,1,4632725,1659622,64.17611664840888
fedavg,60,36,4632253,1671103,63.924617243488214
fedavg,60,72,4632728,1672587,63.896283140300916
fedavg,60,60,4632839,1807332,60.988672388572105
fedavg,60,0,4632733,1672452,63.89923615282815
fedavg,60,80,4633364,959546,79.29051117071744
fedavg,61,81,4632407,1178852,74.55206332258801
fedavg,61,11,4632806,1509122,67.42531416165495
fedavg,61,68,4632828,1690134,63.51830890333075
fedavg,61,94,4632870,1629860,64.81964743236914
fedavg,61,13,4632395,1725318,62.75537815751895
fedavg,61,64,4632380,1819916,60.71315392951355
fedavg,61,77,4632975,1871945,59.59518451966609
fedavg,61,25,4633045,1466574,68.34535386554631
fedavg,61,59,4632562,1656432,64.24371654389083
fedavg,61,69,4633061,1655783,64.26157566239685
fedavg,62,40,4633361,1653324,64.31696127282119
fedavg,62,31,4633290,1824369,60.624761238774184
fedavg,62,63,4632818,1876272,59.50041637724599
fedavg,62,73,4632779,1948323,57.94483181692889
fedavg,62,90,4633439,1426958,69.20304767150273
fedavg,62,28,4632750,1519582,67.19913658194376
fedavg,62,76,4632900,1707121,63.15221567484729
fedavg,62,48,4633100,1817477,60.77190218212428
fedavg,62,92,4632568,1751533,62.19088419209389
fedavg,62,51,4632660,1783779,61.49557705508282
fedavg,63,29,4633312,1809879,60.93768345408209
fedavg,63,41,4633203,1751549,62.1957207573249
fedavg,63,54,4633071,1752657,62.17072865924136
fedavg,63,55,4634026,1205402,73.98801819411457
fedavg,63,59,4633085,1598121,65.50633109472415
fedavg,63,22,4633411,1823438,60.645882698513034
fedavg,63,4,4633723,1605301,65.35612940177909
fedavg,63,0,4632782,1647922,64.42910544895055
fedavg,63,66,4632917,1626975,64.88227611243629
fedavg,63,92,4633191,1744880,62.33956251749604
fedavg,64,87,4633160,1712345,63.041531050082455
fedavg,64,80,4633776,976065,78.93586137957467
fedavg,64,12,4633554,861269,81.41234568540693
fedavg,64,79,4633213,1673271,63.88529946713004
fedavg,64,5,4633359,1571553,66.08177782036748
fedavg,64,20,4632706,1691659,63.48443005016938
fedavg,64,1,4633063,1617379,65.09050276242736
fedavg,64,3,4632948,1559364,66.34186267577361
fedavg,64,45,4633116,1847006,60.13469120997619
fedavg,64,30,4633116,1802224,61.101254533665895
fedavg,65,18,4633083,1771864,61.75626467300499
fedavg,65,64,4633345,1832482,60.450128362986135
fedavg,65,48,4633172,1851918,60.02915497201485
fedavg,65,6,4633293,1503861,67.54228579975407
fedavg,65,27,4633130,1713206,63.0227081907911
fedavg,65,8,4632961,1715281,62.976571570535555
fedavg,65,28,4633255,1748086,62.2708873135625
fedavg,65,26,4633085,1843737,60.20498220947814
fedavg,65,13,4633257,1714697,62.99154137143699
fedavg,65,57,4633579,1700363,63.3034636940473
fedavg,66,85,4633477,1693160,63.45811147870164
fedavg,66,58,4633435,1830372,60.49643515016396
fedavg,66,45,4633468,1893556,59.133072679038676
fedavg,66,6,4633346,1610985,65.23063462128664
fedavg,66,21,4633268,1849030,60.09231497077225
fedavg,66,59,4633490,1854586,59.974317415166546
fedavg,66,77,4633028,1770292,61.78974096422469
fedavg,66,54,4633546,1778605,61.61460358869859
fedavg,66,42,4633239,1830584,60.49018839736089
fedavg,66,47,4633739,1728010,62.70808519858369
fedavg,67,87,4633655,1852902,60.0120854919065
fedavg,67,55,4634816,1067941,76.95828701721923
fedavg,67,45,4633610,1737413,62.504116660659825
fedavg,67,73,4634016,1961006,57.682364497662505
fedavg,67,82,4633638,1742835,62.38732935114915
fedavg,67,70,4634118,1184536,74.43880367310457
fedavg,67,42,4633842,1579063,65.9232446855115
fedavg,67,71,4633541,1648014,64.43294663843484
fedavg,67,98,4633868,1833872,60.42459560781619
fedavg,67,48,4633611,1900464,58.98524930124691
fedavg,68,55,4634443,1124246,75.74150766338047
fedavg,68,1,4633614,1613537,65.17756981915197
fedavg,68,26,4633620,1646252,64.47157945623509
fedavg,68,23,4633763,1808213,60.97743885477095
fedavg,68,13,4633518,1735444,62.545866876960446
fedavg,68,5,4633761,1401183,69.76143137291716
fedavg,68,2,4633831,1748252,62.271994813794464
fedavg,68,31,4633613,1764128,61.92759300355899
fedavg,68,66,4633870,1678073,63.78679160183604
fedavg,68,4,4633811,1749022,62.25521498395166
fedavg,69,45,4633982,1683876,63.66243977641691
fedavg,69,13,4633856,1727531,62.71936374371582
fedavg,69,50,4634094,1562997,66.27178904873314
fedavg,69,39,4633767,1643818,64.52523400507621
fedavg,69,41,4634007,1782529,61.53374390673125
fedavg,69,2,4633771,1824490,60.62623724823691
fedavg,69,16,4633832,1833194,60.43891966735091
fedavg,69,60,4633392,1670864,63.93864365458395
fedavg,69,58,4634423,1798690,61.18848020562646
fedavg,69,71,4634129,1845820,60.16899831662001
fedavg,70,90,4633936,1217331,73.7300860434844
fedavg,70,0,4633903,1807782,60.98791882350581
fedavg,70,10,4634051,1665168,64.06668808780913
fedavg,70,51,4633999,1865422,59.74487694106105
fedavg,70,13,4634165,1695682,63.40911469488031
fedavg,70,99,4634335,1890320,59.21054477071684
fedavg,70,29,4633826,1794280,61.278649651497496
fedavg,70,49,4634190,1746352,62.31591712899126
fedavg,70,20,4634183,1811987,60.899537199976784
fedavg,70,33,4633533,1676265,63.82317769183903
fedavg,71,71,4634201,1804522,61.06077401476544
fedavg,71,35,4633802,1627725,64.8727977587303
fedavg,71,59,4633781,1869407,59.65698422087707
fedavg,71,97,4633825,1890431,59.20366004326879
fedavg,71,34,4633913,1823056,60.65838957270022
fedavg,71,41,4634597,1937966,58.184800102360576
fedavg,71,47,4634054,1998484,56.873959604268755
fedavg,71,49,4634057,1815142,60.830391166962336
fedavg,71,29,4634159,1835630,60.389145042282756
fedavg,71,98,4634366,1887036,59.28167952207486
fedavg,72,25,4634433,1683686,63.67007571368492
fedavg,72,90,4634339,1539222,66.78659027749157
fedavg,72,47,4634350,1547729,66.60310507406648
fedavg,72,40,4634376,1412143,69.52895060737411
fedavg,72,6,4633968,1778541,61.61948032442175
fedavg,72,37,4634417,1898233,59.04052224907686
fedavg,72,29,4633983,1880140,59.42712780776278
fedavg,72,5,4634876,1046335,77.42474663831351
fedavg,72,67,4634303,1484717,67.962453037706
fedavg,72,15,4633526,1809843,60.94026449835395
fedavg,73,53,4634152,1821251,60.69936851445529
fedavg,73,47,4634279,1790379,61.36661172104658
fedavg,73,38,4634592,964116,79.19739213289972
fedavg,73,95,4634638,1370740,70.42401154092293
fedavg,73,42,4634748,1872918,59.58964759249046
fedavg,73,14,4634094,1831291,60.48222155182869
fedavg,73,0,4634314,1702267,63.2681989178981
fedavg,73,24,4634370,1659255,64.1967516620382
fedavg,73,49,4634510,1882088,59.38970894441915
fedavg,73,5,4634872,1488277,67.88957710158986
fedavg,74,49,4634789,1672116,63.92250003182453
fedavg,74,62,4634530,1904768,58.900514183746786
fedavg,74,30,4634322,1914645,58.685542351178874
fedavg,74,0,4634428,1844552,60.19892854091162
fedavg,74,84,4634859,1774965,61.70401300233729
fedavg,74,83,4634432,1570407,66.11435878226285
fedavg,74,96,4634761,1739225,62.474332549186464
fedavg,74,40,4634876,1349054,70.8934176448302
fedavg,74,47,4634677,1326906,71.37004369452283
fedavg,74,1,4634055,1696490,63.39080999254433
fedavg,75,51,4634626,1797961,61.205909603061826
fedavg,75,77,4634331,1822020,60.684292943253304
fedavg,75,48,4634421,1911678,58.75044584857526
fedavg,75,78,4636075,654977,85.87216557109193
fedavg,75,95,4634594,1547078,66.61890987646383
fedavg,75,79,4634489,1748839,62.2646854917554
fedavg,75,98,4634887,1907449,58.84583593947382
fedavg,75,70,4635061,1400272,69.78956695499801
fedavg,75,64,4635060,1595985,65.56711239983947
fedavg,75,0,4634513,1718116,62.927798454767526
fedavg,76,90,4635340,1317879,71.56888167858237
fedavg,76,97,4634470,1617279,65.10325884081675
fedavg,76,64,4635025,1687027,63.60263428999844
fedavg,76,50,4635066,1505646,67.51619070796403
fedavg,76,14,4634829,1772720,61.75220272419975
fedavg,76,58,4635476,1838877,60.330352265873024
fedavg,76,2,4634589,1855664,59.96054882104972
fedavg,76,74,4634775,1829307,60.530834830169745
fedavg,76,96,4635079,1725329,62.77670779721338
fedavg,76,24,4634576,1570682,66.10947797597882
fedavg,77,59,4634710,1744341,62.36353515106663
fedavg,77,98,4635126,1764000,61.942782137961295
fedavg,77,27,4634956,1699295,63.3374081652555
fedavg,77,57,4635275,1708990,63.13077433377738
fedavg,77,54,4634629,1618933,65.06876817971839
fedavg,77,99,4635190,1779175,61.615920814465
fedavg,77,0,4634806,1581722,65.87296210456273
fedavg,77,46,4634939,1692699,63.479584089456196
fedavg,77,5,4635344,1604381,65.3880920164717
fedavg,77,75,4634717,1641289,64.58707187515441
fedavg,78,78,4635954,780216,83.1703248134041
fedavg,78,48,4635444,845938,81.75065862083545
fedavg,78,33,4634663,1782190,61.54650294962114
fedavg,78,88,4635034,1749876,62.246749430532766
fedavg,78,42,4635404,1833022,60.456046549556405
fedavg,78,36,4634978,1856859,59.938126998661055
fedavg,78,79,4634933,1846238,60.166889143812874
fedavg,78,37,4635031,1766150,61.89561623212445
fedavg,78,18,4634544,1769305,61.82353646874428
fedavg,78,91,4634732,1915227,58.67663977118849
fedavg,79,77,4634964,1859783,59.87492027985546
fedavg,79,1,4635011,1685906,63.62670983952358
fedavg,79,61,4634871,1698205,63.36025317640988
fedavg,79,64,4635268,1861464,59.84128641537016
fedavg,79,3,4635310,1812551,60.896876368570815
fedavg,79,53,4634769,1725259,62.775728412786044
fedavg,79,59,4634986,1791097,61.35701380759295
fedavg,79,48,4634988,1981660,57.24562825189623
fedavg,79,87,4635378,1865196,59.7617281697415
fedavg,79,84,4635013,1776962,61.662200300193334
fedavg,80,88,4635539,1701097,63.30314554574991
fedavg,80,38,4636610,800958,82.72535322142687
fedavg,80,91,4635591,1219131,73.70063493522186
fedavg,80,15,4635153,1825507,60.616035759768884
fedavg,80,93,4635161,1768157,61.8533854595342
fedavg,80,30,4635131,1729973,62.676934049976154
fedavg,80,27,4634940,1822600,60.676945116873135
fedavg,80,6,4635147,1708817,63.13348853876695
fedavg,80,0,4634945,1704901,63.21637042079248
fedavg,80,7,4635138,1639025,64.63913264286845
fedavg,81,27,4635230,1840688,60.28917658886399
fedavg,81,75,4635489,1689657,63.54954137524649
fedavg,81,96,4635082,1521334,67.1778406509313
fedavg,81,1,4635388,1436128,69.01817064720363
fedavg,81,95,4635343,1725860,62.7673723390049
fedavg,81,58,4635324,1873992,59.57149920911677
fedavg,81,97,4635362,1738261,62.499994606677966
fedavg,81,73,4635322,1955446,57.8142359905094
fedavg,81,82,4635786,1829534,60.534545813805906
fedavg,81,69,4635217,1405082,69.68681293669746
fedavg,82,90,4635722,1605831,65.35963545700109
fedavg,82,51,4635699,1866160,59.74371933984497
fedavg,82,12,4635021,1905610,58.886701915697905
fedavg,82,30,4635343,1724201,62.80316257070944
fedavg,82,50,4635767,1796214,61.25314322311712
fedavg,82,28,4635224,1453922,68.63318795380764
fedavg,82,18,4635197,1772642,61.756922089827036
fedavg,82,77,4635338,1796021,61.2537208721349
fedavg,82,59,4635566,1954518,57.83647563210188
fedavg,82,79,4635512,1892694,59.16968826744488
fedavg,83,59,4635544,1774760,61.71409439755075
fedavg,83,98,4635854,1912603,58.74324342397323
fedavg,83,83,4635350,1664994,64.08051171971911
fedavg,83,44,4635642,1756516,62.10846307803752
fedavg,83,52,4635396,1636380,64.6981617104558
fedavg,83,73,4635501,1886280,59.307958298358685
fedavg,83,76,4635687,1813285,60.884222770001514
fedavg,83,77,4635574,1787513,61.43923061092327
fedavg,83,8,4635249,1874036,59.56989581357981
fedavg,83,37,4635840,1903360,58.9425001725685
fedavg,84,63,4635796,1898801,59.04045389400223
fedavg,84,48,4635945,1918783,58.610747107655506
fedavg,84,49,4635681,1816568,60.81335191097057
fedavg,84,51,4635254,1869879,59.6596216733754
fedavg,84,75,4635556,1800606,61.156633637906644
fedavg,84,47,4635482,1759130,62.0507640845116
fedavg,84,27,4635353,1763139,61.96322049259248
fedavg,84,99,4636095,1837582,60.363581850673896
fedavg,84,8,4635499,1760454,62.022341068351004
fedavg,84,0,4635946,1582259,65.86977070052154
fedavg,85,15,4635717,1791358,61.35747717127684
fedavg,85,22,4635950,1785040,61.49570206753741
fedavg,85,39,4635945,1834626,60.426062000304135
fedavg,85,59,4636033,1914454,58.70490999524809
fedavg,85,45,4635779,1756732,62.10492346593743
fedavg,85,99,4635743,2026104,56.29386702412105
fedavg,85,46,4635892,1877805,59.49420305736199
fedavg,85,91,4635811,1918554,58.61449053898012
fedavg,85,14,4635589,1870467,59.64985247829348
fedavg,85,34,4635780,1886900,59.297033077497204
fedavg,86,65,4635138,1860746,59.855650468227694
fedavg,86,37,4636316,1657616,64.2471306960095
fedavg,86,36,4635401,1739470,62.47422822750395
fedavg,86,18,4635547,1715384,62.99500361014568
fedavg,86,21,4636030,1761852,61.99653582914693
fedavg,86,35,4636348,1939350,58.170741281715685
fedavg,86,44,4635767,1795858,61.260822642725564
fedavg,86,55,4636750,1045577,77.45021836415593
fedavg,86,90,4636330,1286877,72.24362804200737
fedavg,86,5,4635698,1460352,68.49768902115711
fedavg,87,39,4635832,1904495,58.917946120566924
fedavg,87,81,4635752,1700579,63.31600568796605
fedavg,87,43,4635857,1692308,63.49525017704385
fedavg,87,19,4636189,1785125,61.49585359872085
fedavg,87,0,4635974,1805388,61.05698608318338
fedavg,87,30,4635889,1821094,60.71748050913213
fedavg,87,5,4636426,1407983,69.6321476930722
fedavg,87,46,4636147,1736512,62.54406946112796
fedavg,87,59,4635833,1662662,64.13455791008865
fedavg,87,22,4635684,1798952,61.19338591672771
fedavg,88,46,4636396,2048063,55.826400505910186
fedavg,88,37,4636227,1968892,57.53245041711719
fedavg,88,79,4635904,1847445,60.14919635954497
fedavg,88,40,4636632,1451725,68.69009660460438
fedavg,88,10,4635846,1815520,60.83735309585349
fedavg,88,20,4636211,1914285,58.71014067306255
fedavg,88,11,4635930,1667780,64.02490978077753
fedavg,88,63,4636084,1858122,59.92044147603883
fedavg,88,73,4636056,2008416,56.67834901045199
fedavg,88,92,4635982,1843630,60.2321579333138
fedavg,89,63,4636636,1883045,59.38768969571906
fedavg,89,82,4636444,1867063,59.73071172648694
fedavg,89,68,4636278,1762157,61.99199012656273
fedavg,89,50,4636695,1236470,73.33294512578463
fedavg,89,16,4636085,1810475,60.948192278614385
fedavg,89,76,4636103,1812522,60.9041904375291
fedavg,89,35,4635946,1603137,65.419420329745
fedavg,89,54,4636092,1753209,62.18347263169066
fedavg,89,0,4636068,1795132,61.27899763333928
fedavg,89,12,4636042,1903596,58.939198566363295
fedavg,90,99,4636471,1876925,59.51824135209731
fedavg,90,26,4636237,1816123,60.82764966501928
fedavg,90,0,4636209,1711583,63.08227260677851
fedavg,90,58,4636411,1885399,59.33494679397491
fedavg,90,37,4636496,1768303,61.86122019732143
fedavg,90,24,4636346,1809453,60.972433895140696
fedavg,90,16,4636308,1737142,62.53178175393006
fedavg,90,74,4636319,1693569,63.47168950195188
fedavg,90,96,4636293,1701682,63.29649571327782
fedavg,90,67,4636281,1783194,61.538267417354554
fedavg,91,50,4636895,1401784,69.76890785752103
fedavg,91,27,4636516,1754088,62.1679726760352
fedavg,91,29,4636184,1786786,61.45998519472049
fedavg,91,72,4635954,1577596,65.9704129937441
fedavg,91,11,4636263,1777567,61.65948739318714
fedavg,91,16,4636432,1884330,59.35818750280389
fedavg,91,3,4636243,1748565,62.284871608325965
fedavg,91,5,4636928,1539452,66.80017459835477
fedavg,91,12,4635939,1998569,56.889661404086645
fedavg,91,4,4636620,1585614,65.80237328053626
fedavg,92,32,4636087,1742786,62.40825506510124
fedavg,92,14,4636598,1974198,57.421411129453105
fedavg,92,62,4636373,1833991,60.443411261345894
fedavg,92,69,4636613,1760703,62.026095341578
fedavg,92,45,4636651,1878190,59.49253027670187
fedavg,92,43,4636702,1773538,61.75001110703254
fedavg,92,25,4636845,1784194,61.521379299933464
fedavg,92,10,4636341,1913713,58.72363572912347
fedavg,92,66,4636371,1901366,58.99021023123473
fedavg,92,34,4636649,1944137,58.07021407054967
fedavg,93,43,4636639,1808836,60.98820719059647
fedavg,93,32,4636409,1458643,68.53938036959207
fedavg,93,13,4636511,1446328,68.80568168607817
fedavg,93,76,4636419,1781592,61.57396473442112
fedavg,93,54,4636776,1822724,60.68984138979325
fedavg,93,36,4636783,1778918,61.634650575625386
fedavg,93,73,4636379,1912133,58.7580523507677
fedavg,93,46,4637244,1893026,59.17777887038077
fedavg,93,94,4636089,1843199,60.242372396215856
fedavg,93,78,4637360,936799,79.79887263442993
fedavg,94,56,4637067,842425,81.83280508994156
fedavg,94,89,4636855,1808879,60.98909713588196
fedavg,94,66,4636537,1696031,63.420307009304565
fedavg,94,84,4636616,1825394,60.630899776906254
fedavg,94,95,4636367,1632521,64.78878829048693
fedavg,94,69,4636644,1680912,63.74722752059463
fedavg,94,75,4636944,1601574,65.46057058269412
fedavg,94,33,4636171,1740595,62.45619499367042
fedavg,94,31,4636696,1796491,61.25493239151327
fedavg,94,15,4636396,1721293,62.874331700743426
fedavg,95,69,4636863,1743949,62.389464601391076
fedavg,95,41,4637131,1915524,58.69161341355247
fedavg,95,99,4636967,1891450,59.20932799392362
fedavg,95,22,4636436,1798210,61.21568377089643
fedavg,95,33,4636380,1741974,62.428144371255165
fedavg,95,38,4637489,780966,83.15972285864181
fedavg,95,88,4636655,1827589,60.58389075745338
fedavg,95,71,4636657,1802480,61.12544016087453
fedavg,95,48,4636952,1816087,60.83446626145796
fedavg,95,0,4636799,1689517,63.56285877390846
fedavg,96,56,4636723,1876477,59.53010348041063
fedavg,96,43,4636871,1672122,63.93856978121668
fedavg,96,38,4637472,891762,80.7705146252096
fedavg,96,3,4636922,1813213,60.896193638797456
fedavg,96,14,4636864,1975203,57.40217957654139
fedavg,96,87,4637007,1915443,58.692255586415975
fedavg,96,22,4637378,1829410,60.55076812802407
fedavg,96,83,4636740,1672869,63.92144049483042
fedavg,96,10,4636893,1833843,60.451039090183876
fedavg,96,94,4636395,1900088,59.01798703518575
fedavg,97,28,4636982,1863905,59.80348856217255
fedavg,97,9,4636554,1835226,60.418319294890125
fedavg,97,50,4637252,1558979,66.38140433170334
fedavg,97,51,4636644,1775393,61.70952525145342
fedavg,97,60,4636722,1975359,57.397510568888976
fedavg,97,5,4637035,1416767,69.44670462914341
fedavg,97,80,4637619,972049,79.03991250682732
fedavg,97,86,4637128,748278,83.86333092379594
fedavg,97,20,4637250,1883983,59.372839506172845
fedavg,97,79,4636959,1659061,64.22092582660316
fedavg,98,95,4636455,1911329,58.77606921667524
fedavg,98,96,4637360,1619293,65.08157658667864
fedavg,98,72,4637083,1750794,62.243634629787735
fedavg,98,2,4637151,1755830,62.13558713097762
fedavg,98,52,4637318,1578786,65.95476091999728
fedavg,98,23,4636997,1874110,59.5835408131599
fedavg,98,0,4636634,1858854,59.90940841998743
fedavg,98,63,4636904,1863697,59.80729814548673
fedavg,98,71,4636994,1903924,58.940555023362116
fedavg,98,8,4637029,1762528,61.99014498291901
fedavg,99,54,4637305,1954495,57.85278302807342
fedavg,99,67,4636820,1124885,75.74016243891288
fedavg,99,98,4637197,1958993,57.754803170967286
fedavg,99,75,4636781,1810253,60.95884192072043
fedavg,99,68,4637003,1866342,59.75111510602862
fedavg,99,57,4637482,1774831,61.7285630434792
fedavg,99,1,4637040,1719914,62.909226575574074
fedavg,99,41,4636978,1730060,62.68992434296648
fedavg,99,61,4637548,1542860,66.73112601745578
fedavg,99,80,4640407,668142,85.60165088967412
fedbuff,0,12,3773801,1981752,47.4865791810432
fedbuff,0,36,3776104,2125718,43.70605258753466
fedbuff,0,67,3773689,2076866,44.964569152359935
fedbuff,0,16,3733851,1753329,53.04234153960616
fedbuff,0,73,3772097,1892514,49.82859666652263
fedbuff,0,74,3775790,2052831,45.63174858771277
fedbuff,0,19,3773853,1941851,48.54460414859826
fedbuff,0,41,3732469,2165711,41.97645044071364
fedbuff,0,42,3754879,2252189,40.019665081085165
fedbuff,0,81,3545353,2445713,31.01637552029375
fedbuff,1,22,3605065,1324308,63.26535027801163
fedbuff,1,31,3607270,1137076,68.47821205509985
fedbuff,1,28,3606173,956177,73.48499364839125
fedbuff,1,4,3605734,1054653,70.75067101455626
fedbuff,1,61,3560725,1201801,66.2484185102753
fedbuff,1,72,3585450,1233639,65.59318913943856
fedbuff,1,90,3606775,949517,73.67407171226372
fedbuff,1,25,3604789,1168452,67.5861194649673
fedbuff,1,80,3605028,949280,73.66788829379412
fedbuff,1,98,3604481,1072985,70.2319141091325
fedbuff,2,93,3541772,1025083,71.05734078873513
fedbuff,2,8,3542741,1025607,71.05046629149577
fedbuff,2,22,3542483,984493,72.20895626034056
fedbuff,2,83,3542489,969174,72.64143939473065
fedbuff,2,99,3542144,999415,71.78502624399235
fedbuff,2,70,3541953,1032280,70.85562682508775
fedbuff,2,87,3536408,1027071,70.95722552375179
fedbuff,2,72,3537094,1029622,70.89073685912786
fedbuff,2,64,3542717,906725,74.40594323509329
fedbuff,2,42,3541434,959190,72.91520892384271
fedbuff,3,40,3515808,845027,75.96492755008238
fedbuff,3,42,3516166,927747,73.6148122699554
fedbuff,3,65,3517159,985561,71.97849173153674
fedbuff,3,53,3517003,1089911,69.01023399752573
fedbuff,3,45,3512417,974022,72.26918102264052
fedbuff,3,3,3516735,922983,73.75454789741052
fedbuff,3,19,3501313,1190958,65.98538890981754
fedbuff,3,1,3517155,861633,75.50198953415473
fedbuff,3,66,3516577,907358,74.19769281321011
fedbuff,3,52,3516948,977158,72.21573932853144
fedbuff,4,68,3484162,980488,71.8587138026303
fedbuff,4,9,3494040,1028971,70.55068058751475
fedbuff,4,56,3493452,942791,73.01262476198328
fedbuff,4,78,3498184,856419,75.51818314874232
fedbuff,4,39,3492965,952471,72.7317336417628
fedbuff,4,64,3492910,969923,72.23166356991734
fedbuff,4,11,3493933,1073425,69.27745895528048
fedbuff,4,82,3493486,989899,71.66443489397123
fedbuff,4,91,3493373,852324,75.60168925562772
fedbuff,4,18,3486885,1006004,71.14891945102863
fedbuff,5,18,3472945,1069156,69.21471546482884
fedbuff,5,64,3473365,996394,71.31329416862322
fedbuff,5,19,3473753,1100432,68.32152429951121
fedbuff,5,61,3469410,1077779,68.93480447684188
fedbuff,5,38,3481014,624481,82.06037091491157
fedbuff,5,28,3474655,577157,83.38951636925106
fedbuff,5,85,3472645,1163752,66.48802281834165
fedbuff,5,8,3473668,1050444,69.75980433363235
fedbuff,5,70,3472577,975069,71.92088181197998
fedbuff,5,0,3473108,1071175,69.15802791044794
fedbuff,6,56,3454394,1119577,67.5897711725993
fedbuff,6,64,3454677,1150134,66.7079150959699
fedbuff,6,11,3455421,1064663,69.18861695868608
fedbuff,6,37,3453964,1031632,70.13194115514811
fedbuff,6,71,3454436,1078799,68.77061841643615
fedbuff,6,52,3454830,1107600,67.940535424319
fedbuff,6,6,3454988,1159216,66.44804555037528
fedbuff,6,24,3454589,1166708,66.22729939798917
fedbuff,6,65,3454516,1111042,67.8379836712292
fedbuff,6,53,3233292,1350445,58.23312586676366
fedbuff,7,25,3428246,1154590,66.32126165975254
fedbuff,7,57,3428096,1112126,67.55849311104474
fedbuff,7,72,3428739,1156004,66.28486449391453
fedbuff,7,95,3429838,1060148,69.0904351750724
fedbuff,7,40,3429928,1177260,65.67683053405202
fedbuff,7,36,3428928,1104774,67.78077579931687
fedbuff,7,88,3428091,1158171,66.21527841588802
fedbuff,7,79,3421075,1195280,65.06127459935838
fedbuff,7,46,3429100,1202992,64.91814178647459
fedbuff,7,92,3429630,1171358,65.84593673370014
fedbuff,8,64,3391346,1298433,61.71334331560389
fedbuff,8,1,3395188,1225066,63.917579821794845
fedbuff,8,86,3395074,1125357,66.85324090137652
fedbuff,8,97,3383498,1259346,62.77976224605424
fedbuff,8,84,3394508,1131649,66.66235578175099
fedbuff,8,34,3384220,1224922,63.80489448085527
fedbuff,8,62,3393973,1289884,61.99486560441112
fedbuff,8,36,3394572,1238470,63.516166397413286
fedbuff,8,81,3393288,1073892,68.35246521957464
fedbuff,8,80,3405187,648490,80.95581828545686
fedbuff,9,15,3368113,781846,76.78682395750974
fedbuff,9,1,3367307,1075454,68.0618963462494
fedbuff,9,32,3366291,1252012,62.8073746446757
fedbuff,9,81,3366693,1166628,65.34795420907103
fedbuff,9,27,3366951,1172350,65.18066345485872
fedbuff,9,74,3359948,1127003,66.45772494098124
fedbuff,9,42,3368028,1236945,63.27390983685408
fedbuff,9,5,3363899,1065984,68.31105809062639
fedbuff,9,21,3367515,1217293,63.85189078593563
fedbuff,9,77,3367201,1155568,65.68164478449609
fedbuff,10,80,3361956,823909,75.49316528830241
fedbuff,10,56,3349088,1160961,65.33501060587241
fedbuff,10,1,3347144,1111551,66.79106127492574
fedbuff,10,77,3348283,1120848,66.52469340255887
fedbuff,10,6,3347031,1122185,66.47222568300084
fedbuff,10,75,3348086,1254240,62.538596678818884
fedbuff,10,61,3350136,1113182,66.77203552333397
fedbuff,10,46,3351129,1232837,63.211293865440574
fedbuff,10,86,3347944,1226055,63.37886774689183
fedbuff,10,29,3344470,1021419,69.45946592434676
fedbuff,11,98,3282032,1268300,61.35625734301189
fedbuff,11,13,3331044,1073366,67.77688916748022
fedbuff,11,69,3334935,924320,72.2837176736578
fedbuff,11,84,3332277,1266795,61.98410276216533
fedbuff,11,20,3330288,1168583,64.91045218911998
fedbuff,11,10,3293662,1307848,60.29197895837521
fedbuff,11,92,3331592,1137001,65.87214160677539
fedbuff,11,14,3332320,1250238,62.48145436212609
fedbuff,11,38,3351460,489444,85.39609602979
fedbuff,11,21,3334767,668544,79.95230251468843
fedbuff,12,68,3301144,1237639,62.508784833378975
fedbuff,12,63,3301155,1235075,62.58657954564387
fedbuff,12,81,3298729,1254848,61.95965173253093
fedbuff,12,2,3301702,1232703,62.66461964162726
fedbuff,12,20,3299947,1148749,65.18886515450097
fedbuff,12,15,3299461,1238626,62.459747213256954
fedbuff,12,64,3299998,1130066,65.75555500336667
fedbuff,12,29,3300153,1298931,60.64027940522758
fedbuff,12,73,3301270,1262256,61.76453304334393
fedbuff,12,48,3301317,1279515,61.242286033119505
fedbuff,13,17,3302450,754305,77.15923026843707
fedbuff,13,94,3286057,686084,79.12136034158873
fedbuff,13,68,3283975,1251015,61.9054651755875
fedbuff,13,50,3286980,1197969,63.554113502363876
fedbuff,13,64,3284445,1213882,63.041487983510144
fedbuff,13,87,3284816,1288979,60.75947632987662
fedbuff,13,77,3282642,1219471,62.85092922103599
fedbuff,13,76,3241387,1127117,65.22732398198671
fedbuff,13,79,3283646,1196709,63.55548070650734
fedbuff,13,86,3283930,1214473,63.01769526147025
fedbuff,14,15,3264027,1271355,61.049494994986254
fedbuff,14,32,3263212,1246720,61.79469798468502
fedbuff,14,42,3266818,1335167,59.12943420784384
fedbuff,14,1,3258957,1292423,60.34243471147364
fedbuff,14,79,3265532,1298246,60.2439663736261
fedbuff,14,78,3281488,957116,70.83286606563853
fedbuff,14,39,3251610,681442,79.04293565341477
fedbuff,14,28,3264312,1295644,60.30881851979834
fedbuff,14,72,3265218,1254112,61.591783458256074
fedbuff,14,45,3229867,1314584,59.29912903534418
fedbuff,15,88,3243034,1271816,60.78314319245497
fedbuff,15,25,3247133,1294126,60.14558073229524
fedbuff,15,75,3244105,1181359,63.58444008439924
fedbuff,15,0,3242847,1235032,61.91519365545153
fedbuff,15,81,3242072,1278283,60.57203541438931
fedbuff,15,95,3243653,1089416,66.41391665507994
fedbuff,15,50,3247397,1172878,63.88251882969652
fedbuff,15,51,3243672,1172829,63.84255251455757
fedbuff,15,21,3244352,1183281,63.52797107095653
fedbuff,15,9,3244840,1240948,61.756265332034864
fedbuff,16,33,3228732,1227332,61.98718258437058
fedbuff,16,23,3239322,1304816,59.71947216114977
fedbuff,16,87,3232802,1332150,58.7927129468492
fedbuff,16,53,3232304,1291166,60.05431419816948
fedbuff,16,98,3236047,1257657,61.13600945845348
fedbuff,16,45,3232114,1242224,61.56620713254545
fedbuff,16,65,3231302,1238199,61.68111182427394
fedbuff,16,20,3232682,1255700,61.156092680938
fedbuff,16,26,3233434,1261962,60.97146253797047
fedbuff,16,51,3232154,1244687,61.490479723429026
fedbuff,17,54,3222371,1134707,64.78658106096411
fedbuff,17,7,3221600,1158950,64.0256394338217
fedbuff,17,9,3223800,1306337,59.47834853278739
fedbuff,17,91,3224659,1302324,59.613590150152305
fedbuff,17,10,3223903,1271065,60.57372073539433
fedbuff,17,34,3222847,1184981,63.23185680238621
fedbuff,17,90,3222648,940795,70.80677132594066
fedbuff,17,36,3222823,1278707,60.323387291204014
fedbuff,17,16,3223474,1242725,61.44764933732985
fedbuff,17,81,3220084,1281507,60.20268415358109
fedbuff,18,6,3211349,1158389,63.92827437939632
fedbuff,18,62,3213935,1261508,60.748801702585766
fedbuff,18,75,3212102,1309053,59.24621945380315
fedbuff,18,85,3215279,1266432,60.61206508051089
fedbuff,18,48,3214645,1390722,56.737929071483784
fedbuff,18,53,3212552,1322311,58.83923435324938
fedbuff,18,14,3214878,1317048,59.032722237049114
fedbuff,18,77,3211754,1325125,58.74139177533522
fedbuff,18,26,3213234,1303906,59.420758027582174
fedbuff,18,80,3240331,706067,78.21003471558925
fedbuff,19,6,3208155,850245,73.49738401043591
fedbuff,19,27,3199841,1075591,66.3861110598933
fedbuff,19,95,3202536,1211748,62.16286093271083
fedbuff,19,15,3200547,1282389,59.93219284078628
fedbuff,19,53,3202615,1331099,58.43712091525206
fedbuff,19,62,3204543,1173891,63.3679123669116
fedbuff,19,48,3205694,1302046,59.38333477867819
fedbuff,19,4,3205793,1164798,63.66583868640302
fedbuff,19,80,3242608,699665,78.42276957313372
fedbuff,19,46,3215958,993458,69.1084896009214
fedbuff,20,97,3195618,1308082,59.06638402963058
fedbuff,20,8,3189342,1388344,56.469265447230185
fedbuff,20,99,3197783,1376469,56.95552199758396
fedbuff,20,72,3194730,1318322,58.73447834402281
fedbuff,20,14,3151636,1331369,57.756257385053345
fedbuff,20,62,3194867,1243935,61.06457639707694
fedbuff,20,11,3192825,1297309,59.36798916320187
fedbuff,20,88,3166337,1336086,57.80341764000484
fedbuff,20,71,3191644,1254906,60.68151711155756
fedbuff,20,20,3194470,1273686,60.12840940750734
fedbuff,21,21,3155135,1358122,56.955185752749095
fedbuff,21,38,3200057,716346,77.6145862401826
fedbuff,21,19,3184004,1271631,60.06189062576554
fedbuff,21,65,3155344,1228261,61.07362620367225
fedbuff,21,35,3178975,1348813,57.57082078342862
fedbuff,21,10,3178604,1274489,59.90412772399456
fedbuff,21,29,3178781,1343254,57.7431097014862
fedbuff,21,57,3131356,1347431,56.969728130560696
fedbuff,21,84,3178084,1400700,55.9262750764297
fedbuff,21,31,3175687,1220517,61.56683577443243
fedbuff,22,10,3161199,1396835,55.813126601647035
fedbuff,22,90,3169532,1216684,61.6131340525983
fedbuff,22,31,3157555,1300416,58.81572925887277
fedbuff,22,19,3166273,1421064,55.1187152845001
fedbuff,22,53,3157539,1309251,58.53571404818753
fedbuff,22,16,3162129,1270545,59.81995041948004
fedbuff,22,46,3172304,1230122,61.22307319853331
fedbuff,22,30,3157215,1283040,59.36165259572124
fedbuff,22,93,3156699,1360785,56.89215221343562
fedbuff,22,48,3162039,1206187,61.854139053945886
fedbuff,23,32,3140339,1261212,59.83834866235779
fedbuff,23,31,3143609,1209763,61.51674715271525
fedbuff,23,2,3150262,1257252,60.090557547277015
fedbuff,23,30,3149604,1371726,56.44766770679743
fedbuff,23,7,3143453,1279118,59.30850564649766
fedbuff,23,54,3146279,1317782,58.11617469397979
fedbuff,23,85,3148738,1198169,61.94764378617719
fedbuff,23,36,3145712,1340652,57.38160391033891
fedbuff,23,13,3139150,1292653,58.82155997642674
fedbuff,23,88,3143942,1368978,56.456639467267536
fedbuff,24,12,3134767,1283389,59.059509048040894
fedbuff,24,99,3141731,1368665,56.43595839363713
fedbuff,24,60,3106997,1357471,56.30922720556215
fedbuff,24,17,3184752,823128,74.15409425914483
fedbuff,24,35,3143526,1100764,64.98314313290236
fedbuff,24,31,3113017,1393846,55.22523648280752
fedbuff,24,65,3135239,1283304,59.06838362242879
fedbuff,24,36,3136309,1275127,59.34306855606384
fedbuff,24,90,3156439,942047,70.15475350545346
fedbuff,24,2,3146222,991479,68.48668021519143
fedbuff,25,29,3121642,1303936,58.22916272910219
fedbuff,25,53,3121915,1440865,53.84675751902278
fedbuff,25,61,3120522,1362620,56.333587777942284
fedbuff,25,75,3122314,1233237,60.50246708050504
fedbuff,25,88,3120283,1385983,55.58149693473317
fedbuff,25,64,3112205,1249769,59.842973068933446
fedbuff,25,32,3115288,1244774,60.04305219934722
fedbuff,25,1,3118253,1151615,63.06858359472436
fedbuff,25,27,3113738,1183087,62.00428552434405
fedbuff,25,17,3150788,964506,69.3884196588282
fedbuff,26,37,3119515,817246,73.80214552582693
fedbuff,26,44,3115547,1238465,60.24887443521154
fedbuff,26,35,3115304,1297700,58.34435419464681
fedbuff,26,30,3114881,1269965,59.22910056596062
fedbuff,26,3,3114986,1298406,58.31743706071231
fedbuff,26,65,3109294,1314221,57.732494900771684
fedbuff,26,72,3112054,1254992,59.67319333147818
fedbuff,26,11,3002770,1426056,52.50865034618035
fedbuff,26,77,3108345,1318935,57.56793406137349
fedbuff,26,58,3114122,1362471,56.248631235385126
fedbuff,27,29,3098254,1251627,59.60218239046895
fedbuff,27,97,3080002,1239346,59.76151963537686
fedbuff,27,96,3101169,1239059,60.045421581345614
fedbuff,27,93,3098958,1391409,55.10074676713914
fedbuff,27,48,3102537,1359346,56.185985856091314
fedbuff,27,19,3092014,1342556,56.57988611953244
fedbuff,27,13,3057015,1368417,55.236824156898145
fedbuff,27,81,3093179,1151029,62.78815419346893
fedbuff,27,32,3090971,1267834,58.98266272960827
fedbuff,27,45,3099531,1216462,60.7533526846481
fedbuff,28,52,3055739,1276148,58.23766362244943
fedbuff,28,27,3073505,1334158,56.59164374224217
fedbuff,28,83,3076591,1222648,60.259651022836636
fedbuff,28,2,3085761,1332291,56.824556406021074
fedbuff,28,96,2971171,1203986,59.477727804963095
fedbuff,28,77,3079616,1239666,59.74608522621002
fedbuff,28,58,3085046,1260210,59.1510142798519
fedbuff,28,46,3096352,1341722,56.6676527733281
fedbuff,28,23,3095879,1303108,57.90830326379035
fedbuff,28,49,3082053,1167648,62.11460348021271
fedbuff,29,64,3059680,1299310,57.53444804685457
fedbuff,29,93,3057597,1190287,61.07116143821438
fedbuff,29,83,3057300,1391571,54.48366205475419
fedbuff,29,72,3061003,1272351,58.43352652708933
fedbuff,29,40,3065796,1217866,60.27570001396049
fedbuff,29,11,3066026,1103488,64.00917669974096
fedbuff,29,16,3062606,1446371,52.77319380945509
fedbuff,29,34,3060550,1336639,56.326836679681755
fedbuff,29,51,3059373,1232132,59.72599614365427
fedbuff,29,59,3066642,1405734,54.16047911689724
fedbuff,30,0,3039693,1232047,59.46804496375127
fedbuff,30,60,3055533,1389964,54.50993329150757
fedbuff,30,29,3044374,1326358,56.43248825538518
fedbuff,30,90,3060957,1114032,63.60510781432082
fedbuff,30,88,3047618,1287173,57.76462141908861
fedbuff,30,55,3045394,996039,67.29359156811894
fedbuff,30,85,3046859,1330044,56.34704461217272
fedbuff,30,28,3043140,1284215,57.79967402091262
fedbuff,30,75,3040069,1318216,56.63861576826052
fedbuff,30,33,3034769,1196274,60.58105246231263
fedbuff,31,70,3049738,1076944,64.68732723925793
fedbuff,31,59,3047876,1043816,65.75267497759096
fedbuff,31,85,3035551,1346297,55.64900737954987
fedbuff,31,7,3027986,1162670,61.602530526891464
fedbuff,31,18,3028881,1252672,58.642416126615736
fedbuff,31,33,3020562,1216936,59.711603337392184
fedbuff,31,68,3033769,1311454,56.77146150547389
fedbuff,31,26,3032657,1186010,60.89204944706903
fedbuff,31,57,3041093,1316006,56.7258876989293
fedbuff,31,73,3039548,1399372,53.96118107034336
fedbuff,32,63,3025507,1354870,55.218414632654955
fedbuff,32,8,3020529,1266122,58.082772918253724
fedbuff,32,87,3023148,1397467,53.774443063984954
fedbuff,32,3,2987808,1362972,54.382209298589466
fedbuff,32,90,3039185,1182437,61.09361555811837
fedbuff,32,85,3028661,1409579,53.45867365149153
fedbuff,32,50,3042280,1116007,63.31675585416201
fedbuff,32,72,3025209,1260020,58.349323964063316
fedbuff,32,51,3023349,1344412,55.53235832184773
fedbuff,32,7,3019316,1183105,60.81546283992798
fedbuff,33,66,3009288,1300541,56.782434914837
fedbuff,33,54,3012124,1336638,55.62473523666356
fedbuff,33,14,3010016,1367372,54.57260027853672
fedbuff,33,45,3008922,1261977,58.058833030567094
fedbuff,33,31,2983485,1352350,54.67213677963858
fedbuff,33,16,3019495,1400556,53.61621728136659
fedbuff,33,46,3034516,1224637,59.64308640982614
fedbuff,33,29,3012806,1107209,63.249907229340366
fedbuff,33,41,3010861,1153522,61.687968989601316
fedbuff,33,1,3004884,1277450,57.48754361233246
fedbuff,34,2,3006431,1330691,55.73851520291002
fedbuff,34,48,3000352,1199652,60.016291421806514
fedbuff,34,45,2996301,1316105,56.07567464016465
fedbuff,34,76,2957521,1212536,59.00160979414855
fedbuff,34,84,2999004,1331113,55.61483079048911
fedbuff,34,68,3000562,1201907,59.943937169103656
fedbuff,34,59,3006838,1360619,54.749175047009516
fedbuff,34,5,2956689,980936,66.82315928391522
fedbuff,34,82,3006380,1194668,60.262242298046154
fedbuff,34,58,3000685,1272009,57.609379191751216
fedbuff,35,77,2979198,1236547,58.49396381173726
fedbuff,35,6,2966045,1192477,59.795721238214526
fedbuff,35,18,2981908,1143434,61.65428309659453
fedbuff,35,11,2983413,1280191,57.08971570479851
fedbuff,35,41,2983146,1297560,56.50363743511044
fedbuff,35,99,2997468,1402154,53.22205274585083
fedbuff,35,48,2993652,1328118,55.6355247704142
fedbuff,35,19,2987353,1302744,56.391360512132316
fedbuff,35,5,2914151,1145450,60.69352617623451
fedbuff,35,42,3002871,1123193,62.596028933643844
fedbuff,36,33,2960617,1161634,60.76378673769691
fedbuff,36,98,2986404,1376080,53.92184044757508
fedbuff,36,15,2965018,1279278,56.85429228422896
fedbuff,36,82,2982957,1242896,58.33342552373366
fedbuff,36,2,2981958,1263667,57.622910852533806
fedbuff,36,13,2965230,1259380,57.52842106683125
fedbuff,36,18,2952145,1282332,56.56270271277326
fedbuff,36,67,2983269,1196934,59.87844207143238
fedbuff,36,80,3042051,537355,82.33576623140112
fedbuff,36,6,2981203,791652,73.44521657867647
fedbuff,37,82,2977304,1268452,57.395952848617405
fedbuff,37,30,2969428,1306268,56.00944020195136
fedbuff,37,84,2964944,1376837,53.56279916247997
fedbuff,37,49,2969758,1287230,56.655390775948746
fedbuff,37,64,2962005,1310799,55.746225951678
fedbuff,37,43,2963133,1291428,56.41680613053819
fedbuff,37,42,2972734,1269303,57.30183057078098
fedbuff,37,55,2897856,765187,73.59471968241348
fedbuff,37,86,2870682,1338663,53.36777114288521
fedbuff,37,69,2918321,1069606,63.348582969454
fedbuff,38,78,2995381,651398,78.25325058815557
fedbuff,38,35,2965410,761298,74.32739486276772
fedbuff,38,67,2934012,1267229,56.80900418948524
fedbuff,38,52,2937575,1238673,57.83348510250802
fedbuff,38,84,2945109,1345736,54.306071524008104
fedbuff,38,95,2939848,1415186,51.86193299789649
fedbuff,38,79,2943829,1308899,55.53753292056026
fedbuff,38,45,2941401,1269956,56.824791995379066
fedbuff,38,99,2937120,1451782,50.57123985400664
fedbuff,38,39,2949548,1367648,53.63194631855457
fedbuff,39,33,2906705,1343594,53.77604538472256
fedbuff,39,40,2897975,1235701,57.3598460994315
fedbuff,39,51,2931677,1106302,62.263851031338035
fedbuff,39,2,2876279,1389104,51.70482418430201
fedbuff,39,50,2942511,1281375,56.45300901169104
fedbuff,39,42,2934846,1216879,58.53687041841378
fedbuff,39,63,2935124,1336114,54.4784479292868
fedbuff,39,27,2914877,1243601,57.336072842867814
fedbuff,39,85,2933778,1381351,52.91562619939205
fedbuff,39,46,2957859,1277500,56.80997640523094
fedbuff,40,61,2895836,1347194,53.478235645941275
fedbuff,40,18,2913859,1143087,60.77068245237673
fedbuff,40,28,2912736,1296175,55.499743196774446
fedbuff,40,88,2911695,1243597,57.28958561937291
fedbuff,40,72,2918865,1372886,52.96507375298275
fedbuff,40,29,2914474,1374972,52.82263626301007
fedbuff,40,17,2986710,833693,72.0865768688624
fedbuff,40,39,2933117,901505,69.26460826485953
fedbuff,40,99,2891491,1337097,53.757525096913675
fedbuff,40,76,2924790,1122446,61.62302250759883
fedbuff,41,65,2865875,1316607,54.05916168709381
fedbuff,41,21,2902038,1371388,52.743968204413584
fedbuff,41,58,2909408,1364694,53.09375653053817
fedbuff,41,89,2909261,1245238,57.19744636180803
fedbuff,41,9,2874316,1271687,55.756882680957844
fedbuff,41,37,2909861,1429614,50.87002437573478
fedbuff,41,24,2913326,1297171,55.4745675561197
fedbuff,41,59,2917127,1375143,52.85968008934818
fedbuff,41,27,2902769,1271591,56.193861791964835
fedbuff,41,78,2973376,518543,82.56046325792634
fedbuff,42,71,2896905,633249,78.14049822137764
fedbuff,42,37,2904025,1436299,50.5410938266716
fedbuff,42,18,2892166,1309373,54.72690710007655
fedbuff,42,15,2884300,1335465,53.69881773740596
fedbuff,42,6,2886021,1189020,58.800715587308616
fedbuff,42,92,2824096,1363951,51.70309366253838
fedbuff,42,51,2854656,1274228,55.363168101515555
fedbuff,42,90,2931441,730643,75.07563686255327
fedbuff,42,21,2900092,1175170,59.47818207146531
fedbuff,42,50,2813729,1239953,55.93203894191659
fedbuff,43,82,2895518,1285679,55.59761673040886
fedbuff,43,99,2900494,1346085,53.59118136427794
fedbuff,43,72,2872903,1391948,51.54907770989831
fedbuff,43,28,2881099,1319301,54.208411442994496
fedbuff,43,51,2821204,1156730,58.99871118855637
fedbuff,43,41,2872059,1365110,52.46929119492323
fedbuff,43,66,2896356,1270478,56.13529552306416
fedbuff,43,79,2881841,1257083,56.37916873276492
fedbuff,43,7,2874411,1316409,54.202478351216996
fedbuff,43,63,2888105,1340607,53.58177767082568
fedbuff,44,95,2865967,1248400,56.44053124128785
fedbuff,44,69,2856592,1213223,57.52900659247102
fedbuff,44,67,2887296,1109604,61.569440750099744
fedbuff,44,14,2878185,1248991,56.60490899646826
fedbuff,44,29,2781690,1380899,50.35755242316722
fedbuff,44,44,2875994,1269888,55.84524863403748
fedbuff,44,71,2868729,1258099,56.144376133123764
fedbuff,44,58,2876046,1411991,50.905131559091885
fedbuff,44,77,2851662,1180317,58.60950561462053
fedbuff,44,30,2876349,1331488,53.70909441100507
fedbuff,45,71,2855868,1248620,56.27879159681049
fedbuff,45,31,2843252,1244829,56.218126286379125
fedbuff,45,98,2874319,1342478,53.29404982536733
fedbuff,45,15,2841842,1317924,53.62430423647761
fedbuff,45,75,2854929,1248479,56.26935030608466
fedbuff,45,19,2879542,994642,65.45832635884456
fedbuff,45,92,2850591,1329190,53.37142368021228
fedbuff,45,94,2857876,1251962,56.19257098628492
fedbuff,45,65,2852779,1166399,59.113587137314184
fedbuff,45,26,2784216,1263324,54.625503193717726
fedbuff,46,50,2843520,1105438,61.124310713481876
fedbuff,46,17,2908044,667871,77.03366936676336
fedbuff,46,16,2881617,817431,71.63290610792482
fedbuff,46,36,2838110,1254959,55.78187596675252
fedbuff,46,60,2863532,1309436,54.27199696039716
fedbuff,46,61,2811844,1251944,55.47605059171134
fedbuff,46,95,2843461,1337335,52.96805547886889
fedbuff,46,64,2843290,1144311,59.7539821826124
fedbuff,46,13,2758278,1182597,57.12553266929584
fedbuff,46,37,2855536,1367456,52.112107849454524
fedbuff,47,27,2830874,1391414,50.84860717926689
fedbuff,47,74,2841130,1173865,58.68316479710538
fedbuff,47,48,2831621,1236841,56.32039033472347
fedbuff,47,18,2828567,1341422,52.57591564916086
fedbuff,47,86,2798349,1274690,54.44849802508551
fedbuff,47,36,2746903,1271586,53.70837630597076
fedbuff,47,73,2848002,1363358,52.129317324917615
fedbuff,47,94,2832507,1262669,55.422210783592064
fedbuff,47,90,2757931,905643,67.16223139737724
fedbuff,47,71,2832207,1454726,48.63631083462473
fedbuff,48,72,2821078,1247770,55.76974475714602
fedbuff,48,23,2846257,1366373,51.99403989168934
fedbuff,48,33,2730054,1344112,50.766102062450045
fedbuff,48,46,2846461,1122455,60.56664749666341
fedbuff,48,93,2807930,1316631,53.1102627202245
fedbuff,48,95,2794687,1157122,58.59564953069878
fedbuff,48,84,2806017,1372146,51.099868603789645
fedbuff,48,38,2828051,690398,75.58749824525796
fedbuff,48,79,2801873,1266253,54.806909520881206
fedbuff,48,0,2804604,1217835,56.5772921952618
fedbuff,49,38,2851911,445667,84.37303969163132
fedbuff,49,12,2803354,707833,74.75049529955903
fedbuff,49,30,2809271,1235632,56.01592014440757
fedbuff,49,78,2849465,686592,75.9045294467558
fedbuff,49,17,2885018,757791,73.73357809206043
fedbuff,49,5,2818137,1087823,61.399215155260364
fedbuff,49,3,2806790,1062385,62.14946611609704
fedbuff,49,57,2826493,1083796,61.655804560633975
fedbuff,49,4,2816969,1326418,52.91329084558616
fedbuff,49,87,2804795,1272485,54.631800185040255
fedbuff,50,43,2815356,1334057,52.61498013039913
fedbuff,50,76,2812757,1341726,52.29854551957386
fedbuff,50,92,2776822,1197528,56.87415325865324
fedbuff,50,70,2823459,880996,68.7972802155087
fedbuff,50,34,2803523,1272253,54.619491261530584
fedbuff,50,75,2790464,1334815,52.165123793032265
fedbuff,50,56,2791333,1376178,50.69817897040589
fedbuff,50,24,2811055,1425487,49.28996408821599
fedbuff,50,97,2802708,1305897,53.40588459447078
fedbuff,50,20,2793372,1320113,52.741238904091546
fedbuff,51,48,2795897,1398136,49.993293744368984
fedbuff,51,30,2792519,1323343,52.611137113122595
fedbuff,51,98,2809186,1271321,54.74415008475765
fedbuff,51,86,2787709,1218237,56.29970703541869
fedbuff,51,96,2808908,1340231,52.2864045387033
fedbuff,51,22,2794078,1212275,56.61270014652418
fedbuff,51,62,2784383,1333467,52.10906689201881
fedbuff,51,59,2801233,1353424,51.68470455688621
fedbuff,51,24,2797743,1340518,52.08573482267671
fedbuff,51,10,2747853,1287980,53.12776920745033
fedbuff,52,70,2819973,1081424,61.65126403692518
fedbuff,52,26,2785720,1244856,55.31295320419856
fedbuff,52,16,2785539,1232257,55.76234976426465
fedbuff,52,0,2768110,1257713,54.56419723204642
fedbuff,52,18,2764631,1155911,58.18932074479379
fedbuff,52,81,2756675,1226729,55.49968712307399
fedbuff,52,13,2746761,1278881,53.440397617411925
fedbuff,52,45,2776871,1190314,57.134703052464445
fedbuff,52,22,2786342,1328429,52.32354822200577
fedbuff,52,40,2815760,1099790,60.9416285478876
fedbuff,53,1,2768756,944615,65.88305361685897
fedbuff,53,11,2770597,1191866,56.98161804116586
fedbuff,53,26,2773119,1216467,56.13361705718363
fedbuff,53,91,2768050,1338867,51.631401166886434
fedbuff,53,9,2770750,1228919,55.64670215645584
fedbuff,53,25,2800557,1266310,54.78363768350367
fedbuff,53,15,2745603,882663,67.85176152561021
fedbuff,53,87,2775084,1363356,50.87154118578032
fedbuff,53,99,2794927,1299127,53.5183924302853
fedbuff,53,71,2769176,1203456,56.54100714436352
fedbuff,54,33,2748455,1170759,57.4030136931476
fedbuff,54,19,2791148,1302087,53.34941035014983
fedbuff,54,78,2840377,772367,72.80758857010883
fedbuff,54,87,2781754,1084268,61.0221464586732
fedbuff,54,8,2727962,1347746,50.59513292340583
fedbuff,54,4,2789311,1235462,55.707269644725876
fedbuff,54,57,2693150,1273386,52.71759835137293
fedbuff,54,73,2744483,1237247,54.91875883363095
fedbuff,54,71,2768385,1200488,56.63580029511791
fedbuff,54,43,2776959,1317140,52.56897923231851
fedbuff,55,72,2779514,1308951,52.90719888440929
fedbuff,55,15,2745137,1237041,54.937003144105375
fedbuff,55,44,2771435,1269234,54.20300313736386
fedbuff,55,69,2779008,1263067,54.54971702132559
fedbuff,55,5,2794134,1129568,59.57359239034348
fedbuff,55,60,2774316,1299856,53.146793660130996
fedbuff,55,86,2760591,1296127,53.048930464527345
fedbuff,55,2,2769715,1320686,52.31689903112775
fedbuff,55,1,2745937,1193467,56.53698537147793
fedbuff,55,17,2789204,803999,71.17460752243292
fedbuff,56,83,2765350,1026797,62.86918473249317
fedbuff,56,89,2760058,1343090,51.33834144065088
fedbuff,56,28,2750807,1264695,54.02458260430485
fedbuff,56,23,2791167,1231088,55.89343095558238
fedbuff,56,4,2761477,1311960,52.49064178336449
fedbuff,56,6,2741910,1341809,51.06298164418235
fedbuff,56,76,2772495,1238421,55.33189419638268
fedbuff,56,31,2745726,1081251,60.62057903811233
fedbuff,56,79,2753640,1330655,51.67650818552898
fedbuff,56,65,2718535,1317895,51.521867476416524
fedbuff,57,41,2669995,1391424,47.88664398247937
fedbuff,57,26,2749465,1273939,53.665931372103294
fedbuff,57,9,2729125,1293632,52.59901983236386
fedbuff,57,99,2772622,1260408,54.54093634112404
fedbuff,57,61,2729714,1283484,52.98100826680011
fedbuff,57,47,2754226,1042678,62.14261284295479
fedbuff,57,36,2660770,1349364,49.28671023801381
fedbuff,57,71,2744101,1269326,53.74346643946415
fedbuff,57,81,2718460,1254145,53.865607733790455
fedbuff,57,10,2751199,1257468,54.29381880409232
fedbuff,58,5,2767144,1186371,57.126517449037706
fedbuff,58,64,2735260,1191447,56.44117926632204
fedbuff,58,4,2759591,1206265,56.288268805051175
fedbuff,58,46,2784682,1360344,51.149036047922166
fedbuff,58,91,2748670,1318889,52.017193770077895
fedbuff,58,25,2707308,1226807,54.68535534191159
fedbuff,58,9,2727939,1325496,51.41035045138474
fedbuff,58,54,2724401,1227536,54.94290304547679
fedbuff,58,86,2733752,1354069,50.468477023519334
fedbuff,58,60,2715985,1338923,50.70212096164006
fedbuff,59,54,2721320,1344016,50.61161495156763
fedbuff,59,66,2746364,1306661,52.422147974558364
fedbuff,59,37,2739746,1410516,48.51654131441382
fedbuff,59,90,2733334,1064331,61.06107047290964
fedbuff,59,40,2770807,1163479,58.00938138239149
fedbuff,59,10,2735213,1186782,56.61098422682256
fedbuff,59,9,2717102,1307844,51.86621628485055
fedbuff,59,68,2735949,1149775,57.975276585930516
fedbuff,59,45,2713546,1313079,51.61021777408601
fedbuff,59,29,2692680,1335674,50.396110937801744
fedbuff,60,42,2756035,1291156,53.15168348732872
fedbuff,60,62,2694341,1309165,51.41056755622246
fedbuff,60,58,2695595,1365774,49.33311569430868
fedbuff,60,57,2738514,1313361,52.04110696531039
fedbuff,60,20,2722054,1317168,51.61124650723315
fedbuff,60,27,2716022,1209759,55.45842412174864
fedbuff,60,43,2694766,1210511,55.079179416691474
fedbuff,60,22,2702995,1286118,52.41877990895285
fedbuff,60,3,2726544,1411352,48.23659548498025
fedbuff,60,87,2700022,1253577,53.5716005276994
fedbuff,61,69,2737825,1255908,54.127528238656595
fedbuff,61,23,2746937,1360206,50.482810490375286
fedbuff,61,21,2715363,1292372,52.405184868468794
fedbuff,61,57,2740953,1312981,52.097646329579526
fedbuff,61,81,2675613,1243922,53.50889683971486
fedbuff,61,16,2702974,1332908,50.68735400340514
fedbuff,61,96,2745407,1202333,56.20565548204692
fedbuff,61,44,2726011,1371866,49.67496462780231
fedbuff,61,65,2703167,1264823,53.20958712502779
fedbuff,61,66,2733061,1361582,50.18106072275737
fedbuff,62,11,2704296,1313765,51.419334274058755
fedbuff,62,19,2725340,1205613,55.762840599705
fedbuff,62,74,2717253,1329794,51.061090005236906
fedbuff,62,61,2635057,1261406,52.129840075565724
fedbuff,62,47,2705044,1330178,50.82601244194179
fedbuff,62,59,2681313,1423169,46.922683028799696
fedbuff,62,98,2734531,1378346,49.5947934033295
fedbuff,62,57,2741609,1356301,50.52901416649858
fedbuff,62,27,2709826,1198277,55.78029733274388
fedbuff,62,39,2647306,1321604,50.07739943927903
fedbuff,63,39,2705778,1231529,54.48521645160837
fedbuff,63,40,2721480,1092325,59.86283198847686
fedbuff,63,18,2697950,1272429,52.83719120072647
fedbuff,63,82,2713463,1231634,54.610252655002114
fedbuff,63,28,2699056,1358566,49.66514218304474
fedbuff,63,0,2682845,1318492,50.85470834133168
fedbuff,63,60,2726194,1296476,52.44373657927499
fedbuff,63,91,2696324,1346529,50.06056393816174
fedbuff,63,8,2635596,1361503,48.34174129874229
fedbuff,63,67,2714835,1057937,61.031259726650056
fedbuff,64,23,2676755,1391077,48.03121690255552
fedbuff,64,86,2638785,1304599,50.56061786011365
fedbuff,64,33,2661843,1297101,51.27056704696709
fedbuff,64,99,2690694,1348928,49.86691165922249
fedbuff,64,54,2686597,1271522,52.67165116316291
fedbuff,64,14,2693001,1297277,51.82783073604502
fedbuff,64,19,2715266,1142713,57.91524660935614
fedbuff,64,29,2669233,1346791,49.54389519386281
fedbuff,64,10,2685921,1403484,47.74663886242373
fedbuff,64,18,2685537,1264887,52.90003451823602
fedbuff,65,56,2650429,1310323,50.56185243973712
fedbuff,65,47,2680692,1259032,53.03332124690192
fedbuff,65,51,2666132,1270249,52.356109900034966
fedbuff,65,0,2670049,1261500,52.753676056132306
fedbuff,65,23,2704969,1436542,46.892478250212854
fedbuff,65,36,2659233,1262048,52.54090183146795
fedbuff,65,58,2695677,1272605,52.79089445805265
fedbuff,65,70,2718094,1167619,57.04272920656901
fedbuff,65,10,2692581,1264576,53.034801924250374
fedbuff,65,65,2673489,1309481,51.0197722900674
fedbuff,66,68,2679534,1246360,53.48594195856444
fedbuff,66,59,2661812,1331202,49.988879755595065
fedbuff,66,31,2663285,1295872,51.343096964838544
fedbuff,66,82,2693560,1263709,53.084059757347156
fedbuff,66,57,2592008,1321998,48.99714815695013
fedbuff,66,10,2686143,1361073,49.32983835931296
fedbuff,66,93,2654450,1099527,58.57797283806438
fedbuff,66,18,2672682,1267939,52.559301854840946
fedbuff,66,24,2700500,1342502,50.28690983151268
fedbuff,66,44,2692216,1221074,54.64427817084514
fedbuff,67,95,2668364,1327657,50.244531855473994
fedbuff,67,55,2744322,511177,81.3732863709142
fedbuff,67,66,2716577,653546,75.94229797277971
fedbuff,67,67,2636578,1185939,55.019764255030566
fedbuff,67,35,2663411,1252018,52.99193402745577
fedbuff,67,90,2717935,867755,68.07300395336901
fedbuff,67,56,2636266,1134182,56.97771014002381
fedbuff,67,40,2691256,1294390,51.90386942007746
fedbuff,67,74,2683129,1207854,54.98337947970449
fedbuff,67,46,2706860,1419705,47.5515911425046
fedbuff,68,77,2652527,1334494,49.68971098126428
fedbuff,68,53,2654320,1358500,48.81928328159378
fedbuff,68,5,2689041,1156155,57.004932241643026
fedbuff,68,42,2696829,1404239,47.929994819842115
fedbuff,68,10,2567229,1424831,44.499263602896356
fedbuff,68,30,2665689,1372966,48.49489193975741
fedbuff,68,74,2675115,1354931,49.350551284711116
fedbuff,68,28,2655830,1285991,51.57856489308428
fedbuff,68,88,2645561,1374219,48.05566758808434
fedbuff,68,17,2742228,685099,75.01670174763004
fedbuff,69,20,2694667,654565,75.70887237643835
fedbuff,69,32,2625669,1219713,53.546581842570404
fedbuff,69,11,2645147,1242206,53.03829995081559
fedbuff,69,60,2566263,1358709,47.05495890327687
fedbuff,69,46,2702717,1375781,49.096372280190636
fedbuff,69,2,2635274,1322017,49.83379337404763
fedbuff,69,30,2662323,1320501,50.40042098573314
fedbuff,69,73,2667378,1333004,50.02568064968669
fedbuff,69,65,2622350,1169328,55.40915590977558
fedbuff,69,80,2718485,765357,71.84619374394194
fedbuff,70,55,2731523,977181,64.22578173421934
fedbuff,70,34,2606152,1043606,59.956057820111795
fedbuff,70,36,2638946,1352703,48.740785146797236
fedbuff,70,18,2625278,1335889,49.1143795057133
fedbuff,70,6,2627352,1251527,52.36546149887795
fedbuff,70,78,2681853,777971,70.99128848598339
fedbuff,70,69,2691155,1073820,60.098173460837444
fedbuff,70,95,2641538,1278473,51.601188398576895
fedbuff,70,79,2639277,1415640,46.36258338931457
fedbuff,70,2,2653100,1446709,45.470996193132564
fedbuff,71,4,2656519,1281933,51.74387986684831
fedbuff,71,88,2620998,1395697,46.74940614224048
fedbuff,71,0,2618031,1184282,54.764401185471066
fedbuff,71,98,2673877,1346952,49.62550633406099
fedbuff,71,81,2607612,1363148,47.724277998413875
fedbuff,71,5,2683074,1183534,55.888879695453795
fedbuff,71,44,2627117,1148334,56.28919458097983
fedbuff,71,43,2668604,1310413,50.89518714653805
fedbuff,71,45,2634651,1392296,47.15444284650984
fedbuff,71,36,2630808,1427766,45.72899276572065
fedbuff,72,62,2600000,1358504,47.74984615384616
fedbuff,72,99,2586188,1295441,49.90924867024362
fedbuff,72,71,2603769,1326622,49.04993492126222
fedbuff,72,17,2777625,567440,79.57103640700238
fedbuff,72,67,2658248,880389,66.88085536037269
fedbuff,72,98,2668345,1395621,47.69713061841704
fedbuff,72,84,2629028,1376856,47.628705361829546
fedbuff,72,88,2599043,1380809,46.872406497314586
fedbuff,72,56,2647387,1278972,51.68926945701554
fedbuff,72,29,2624447,1175099,55.22489118660046
fedbuff,73,2,2631785,1366027,48.095038158512196
fedbuff,73,0,2607020,1349312,48.243128169327434
fedbuff,73,39,2624200,1309957,50.081662983004335
fedbuff,73,10,2617344,1325476,49.35797510758998
fedbuff,73,56,2640905,1251905,52.5956064303714
fedbuff,73,9,2562962,1363055,46.81719822611494
fedbuff,73,4,2633234,1400095,46.829829783452595
fedbuff,73,29,2615577,1152405,55.94069683285945
fedbuff,73,81,2556657,1334344,47.80903343702343
fedbuff,73,82,2641188,1282333,51.44862842024119
fedbuff,74,79,2608427,1315358,49.5727501670547
fedbuff,74,22,2585943,1270942,50.85189426062369
fedbuff,74,85,2623057,1317304,49.77981797574357
fedbuff,74,11,2608261,1205770,53.77111416380493
fedbuff,74,74,2593700,1349021,47.988549176851606
fedbuff,74,89,2628836,1332057,49.3290186226908
fedbuff,74,71,2609344,1375735,47.276595190208724
fedbuff,74,63,2609782,1378989,47.160759021251586
fedbuff,74,48,2593884,1218701,53.01636464853479
fedbuff,74,38,2659846,482311,81.86695771108553
fedbuff,75,43,2651549,1238575,53.288624875497305
fedbuff,75,2,2604266,1326629,49.05938947864773
fedbuff,75,32,2580573,1261104,51.13085349649089
fedbuff,75,8,2608121,1332450,48.91149605405577
fedbuff,75,6,2564210,1340720,47.71411077875837
fedbuff,75,75,2603137,1175438,54.845327003534585
fedbuff,75,87,2602979,1347534,48.231084461303766
fedbuff,75,7,2602835,1292222,50.35328785727871
fedbuff,75,1,2514851,1175448,53.25973586506716
fedbuff,75,33,2580847,1304401,49.458414233776736
fedbuff,76,76,2620857,1256424,52.06056644830298
fedbuff,76,18,2566447,1200481,53.22400969121903
fedbuff,76,78,2649540,596293,77.49447073831683
fedbuff,76,1,2545104,1223076,51.94396771212493
fedbuff,76,2,2603034,1317085,49.401928672464514
fedbuff,76,46,2619627,1371477,47.646096180868504
fedbuff,76,12,2601708,1304151,49.87327555590404
fedbuff,76,88,2592005,1233138,52.42532325362026
fedbuff,76,23,2655158,1323487,50.154115122339235
fedbuff,76,17,2708190,683212,74.77237564572647
fedbuff,77,30,2611301,1424958,45.43110886106197
fedbuff,77,47,2502784,1285137,48.6517014652483
fedbuff,77,11,2570223,1342342,47.773325505218814
fedbuff,77,82,2614031,1389539,46.84305580155706
fedbuff,77,0,2500083,1293701,48.25367797789113
fedbuff,77,65,2579161,1335593,48.21598961832937
fedbuff,77,2,2603985,1463783,43.78681136796103
fedbuff,77,50,2660601,1221159,54.1021370735409
fedbuff,77,79,2594237,1384125,46.64616224346504
fedbuff,77,91,2557852,1261041,50.69921950136287
fedbuff,78,15,2548232,1207789,52.60286347553912
fedbuff,78,71,2577858,1341966,47.94259420030118
fedbuff,78,38,2679591,311840,88.36240306822944
fedbuff,78,26,2530908,676501,73.27042310506742
fedbuff,78,35,2570044,1215193,52.71703519472819
fedbuff,78,42,2560824,1363335,46.76186258797949
fedbuff,78,79,2578517,1379134,46.514449972600524
fedbuff,78,58,2563611,1292201,49.59449776116579
fedbuff,78,60,2585055,1228949,52.45946411198214
fedbuff,78,54,2581624,1281705,50.35276244720377
fedbuff,79,38,2626508,645756,75.41389556018866
fedbuff,79,74,2538224,1101673,56.59669910929848
fedbuff,79,23,2609420,1386246,46.87532095254884
fedbuff,79,99,2616155,1203338,54.00356630245532
fedbuff,79,61,2494226,1111242,55.44742136438319
fedbuff,79,73,2490732,1348801,45.84720475747692
fedbuff,79,2,2579552,1352498,47.56849251342869
fedbuff,79,26,2524326,1301398,48.44572372981937
fedbuff,79,36,2571523,1211697,52.88018034448846
fedbuff,79,60,2607162,1431273,45.10226061901792
fedbuff,80,87,2567714,1328846,48.2478967673191
fedbuff,80,21,2543939,1244462,51.081295581379905
fedbuff,80,77,2548442,1222142,52.04356230198685
fedbuff,80,39,2562426,1342805,47.596340343096735
fedbuff,80,9,2559959,1352622,47.16235689712218
fedbuff,80,49,2583281,1283259,50.324451734054485
fedbuff,80,40,2608819,1271980,51.243072056742925
fedbuff,80,88,2559066,1259778,50.7719613327675
fedbuff,80,42,2534711,1328194,47.59978553768063
fedbuff,80,0,2545717,1293690,49.18170401501817
fedbuff,81,63,2470217,1346518,45.48989015944753
fedbuff,81,70,2595526,1268332,51.13391274061596
fedbuff,81,29,2550028,1219912,52.16083901823823
fedbuff,81,93,2461821,1181463,52.0085741408494
fedbuff,81,7,2547389,1290136,49.354574428954514
fedbuff,81,20,2560862,1291588,49.564326386974386
fedbuff,81,96,2599259,1233615,52.53974305754063
fedbuff,81,56,2475010,1342826,45.744623254047454
fedbuff,81,74,2580321,1362527,47.19544583794032
fedbuff,81,84,2561919,1387003,45.86077858043131
fedbuff,82,2,2550104,1325846,48.00815966721357
fedbuff,82,62,2547984,1363685,46.479844457422026
fedbuff,82,92,2526900,1235992,51.0866278839685
fedbuff,82,26,2513547,1317777,47.573011366009865
fedbuff,82,43,2602092,1233487,52.59633402662165
fedbuff,82,4,2552497,1010863,60.39709351274458
fedbuff,82,39,2563108,1304755,49.094809894862024
fedbuff,82,99,2588493,1341959,48.156746029446474
fedbuff,82,79,2539202,1326847,47.74551217272198
fedbuff,82,53,2539491,1328280,47.69503022456075
fedbuff,83,21,2542987,1322393,47.99843648433909
fedbuff,83,95,2526194,1246434,50.65960888197818
fedbuff,83,2,2557126,1298657,49.21419593715758
fedbuff,83,75,2531092,1259080,50.25546285950886
fedbuff,83,30,2540925,1387493,45.394177317315545
fedbuff,83,59,2541112,1338094,47.342187199934514
fedbuff,83,1,2510165,1204980,51.99598432772348
fedbuff,83,54,2530420,1255043,50.40179100702651
fedbuff,83,82,2549911,1382445,45.78457836371545
fedbuff,83,45,2537166,1330167,47.57272484338825
fedbuff,84,34,2540152,1316404,48.176172134580916
fedbuff,84,31,2516588,1196115,52.47076597361189
fedbuff,84,54,2530634,1316168,47.99058259708831
fedbuff,84,75,2472978,1298726,47.48331768418481
fedbuff,84,19,2565547,1373700,46.45586301868568
fedbuff,84,64,2532998,1323529,47.748517764325115
fedbuff,84,11,2527470,1192045,52.836433271215874
fedbuff,84,33,2497701,1216111,51.310785398252236
fedbuff,84,62,2527868,1302011,48.49371090579096
fedbuff,84,25,2574558,1323898,48.57765876705826
fedbuff,85,98,2568771,1370331,46.65421713340737
fedbuff,85,73,2557057,1252780,51.006958390055445
fedbuff,85,56,2543261,1181032,53.562296594804856
fedbuff,85,18,2484953,1216626,51.04028124475594
fedbuff,85,31,2513332,1244053,50.50184376755637
fedbuff,85,38,2589168,459470,82.25414496085229
fedbuff,85,37,2559068,1277486,50.080029135607184
fedbuff,85,89,2441806,1302997,46.63798024904517
fedbuff,85,64,2524989,1290026,48.9096388142681
fedbuff,85,88,2496449,1247179,50.04187948562138
fedbuff,86,9,2452929,1277933,47.90175337321219
fedbuff,86,62,2430799,1329036,45.32513794846879
fedbuff,86,23,2571468,1436376,44.14178982588933
fedbuff,86,13,2501458,1317165,47.34410891568037
fedbuff,86,17,2572770,771151,70.02643065645199
fedbuff,86,96,2581682,1318545,48.926901144292756
fedbuff,86,48,2551037,1319062,48.29310590163921
fedbuff,86,70,2568549,990322,61.44430182176785
fedbuff,86,11,2434716,788367,67.61975524044693
fedbuff,86,75,2521385,1315839,47.8128488905899
fedbuff,87,70,2591006,829988,67.9665736011418
fedbuff,87,25,2543740,1183125,53.48876064377648
fedbuff,87,20,2512485,1278479,49.11495989030781
fedbuff,87,96,2442334,1127363,53.840752329533956
fedbuff,87,89,2544125,1276152,49.839257111973666
fedbuff,87,35,2542963,1195613,52.98346849718223
fedbuff,87,66,2543741,1362519,46.43640999614348
fedbuff,87,80,2523237,799154,68.32822283439883
fedbuff,87,69,2552277,1060993,58.42955133788378
fedbuff,87,34,2492791,1177573,52.760861219412305
fedbuff,88,58,2516826,1404449,44.197612389573216
fedbuff,88,6,2483594,1304795,47.463434039541085
fedbuff,88,38,2566982,394561,84.62938189671763
fedbuff,88,57,2538388,1428954,43.70624191415969
fedbuff,88,44,2524611,1335293,47.10896054877365
fedbuff,88,85,2518041,1401588,44.33815811577333
fedbuff,88,43,2543274,1283111,49.54884923920899
fedbuff,88,17,2638371,626465,76.25561378593079
fedbuff,88,67,2551974,557411,78.15765364380671
fedbuff,88,48,2515701,1401323,44.2969176384634
fedbuff,89,48,2514417,1327039,47.22279558243522
fedbuff,89,76,2544513,1488953,41.483773122794034
fedbuff,89,33,2475188,1297244,47.59008204629305
fedbuff,89,75,2498061,1379640,44.7715648256788
fedbuff,89,31,2482780,1423680,42.65782711315541
fedbuff,89,77,2480550,1369711,44.78196367741025
fedbuff,89,26,2484050,1388738,44.09379843400898
fedbuff,89,65,2493333,1368815,45.10099533435766
fedbuff,89,61,2530951,1199528,52.60564112066965
fedbuff,89,59,2465171,1437923,41.670456126572965
fedbuff,90,32,2467465,1226158,50.306974972289375
fedbuff,90,28,2483305,1322724,46.73533859111144
fedbuff,90,92,2453866,1254510,48.87618150298345
fedbuff,90,98,2542070,1302726,48.753338814430755
fedbuff,90,87,2494369,1225808,50.85699028491775
fedbuff,90,40,2540011,1139827,55.12511559989307
fedbuff,90,76,2421125,1158396,52.15463885590377
fedbuff,90,2,2483594,1266173,49.01851912993831
fedbuff,90,24,2520665,1367544,45.74669779601811
fedbuff,90,82,2519013,1367580,45.709688675683694
fedbuff,91,34,2500622,1354491,45.833836541468486
fedbuff,91,59,2446865,1235902,49.490388721895165
fedbuff,91,4,2517199,1336299,46.91325556700126
fedbuff,91,76,2476306,1287357,48.01300808543048
fedbuff,91,24,2531795,1257037,50.34996909307428
fedbuff,91,79,2493785,1273724,48.924065226152216
fedbuff,91,68,2502585,1322906,47.13841887488337
fedbuff,91,99,2539318,1393912,45.10683577243969
fedbuff,91,61,2486961,1186440,52.2935824084093
fedbuff,91,30,2508747,1354674,46.00196831326555
fedbuff,92,91,2479717,1342443,45.863056147132916
fedbuff,92,14,2500046,1373188,45.07349064777208
fedbuff,92,20,2489846,1243686,50.04968178754831
fedbuff,92,49,2477321,1325081,46.51153403212584
fedbuff,92,47,2419967,1317796,45.544877264855266
fedbuff,92,66,2515248,1377443,45.23629479081188
fedbuff,92,40,2515448,1272271,49.42169347169967
fedbuff,92,70,2493060,1190488,52.24792022654889
fedbuff,92,64,2477987,1317107,46.84770339795972
fedbuff,92,85,2466270,1290612,47.669476577990245
fedbuff,93,85,2473860,1267060,48.78206527451028
fedbuff,93,52,2433517,1228887,49.501606111648286
fedbuff,93,38,2468370,661726,73.19178243132107
fedbuff,93,16,2402986,1150248,52.13255507938872
fedbuff,93,80,2573016,470645,81.70843088422302
fedbuff,93,59,2439523,742103,69.57999576146648
fedbuff,93,37,2390431,1320860,44.74385581512288
fedbuff,93,66,2507094,1311495,47.688638718771614
fedbuff,93,26,2436147,1284071,47.29090650112657
fedbuff,93,7,2474799,1297547,47.56960060190747
fedbuff,94,31,2447692,1352721,44.7348359188983
fedbuff,94,20,2469700,1224505,50.418876786654245
fedbuff,94,5,2498972,934201,62.616587940961324
fedbuff,94,22,2374189,1230713,48.16280422493744
fedbuff,94,8,2464012,1354686,45.02112814385644
fedbuff,94,36,2446297,1200627,50.92063637407887
fedbuff,94,79,2420282,1155747,52.24742406050205
fedbuff,94,64,2436083,1184792,51.36487549890541
fedbuff,94,62,2460818,1269987,48.39167301279493
fedbuff,94,9,2450817,1327417,45.83777572948124
fedbuff,95,31,2393940,1162782,51.42810596756811
fedbuff,95,8,2460573,1325114,46.14612124899363
fedbuff,95,45,2364235,1218269,48.47090073533299
fedbuff,95,65,2452858,1202339,50.98211963350507
fedbuff,95,77,2440436,1212239,50.32694977454848
fedbuff,95,58,2378934,1238358,47.944835796201154
fedbuff,95,2,2468919,1268440,48.623668901247875
fedbuff,95,87,2457539,1242765,49.43050751178313
fedbuff,95,76,2468818,1246464,49.51170965214933
fedbuff,95,92,2452011,1262242,48.52217220885224
fedbuff,96,81,2433093,1129544,53.57579837679858
fedbuff,96,16,2482815,1341531,45.96733949166571
fedbuff,96,68,2465039,1311234,46.806764517721625
fedbuff,96,58,2450760,1244084,49.23680817379099
fedbuff,96,22,2447722,1304962,46.686674385408146
fedbuff,96,14,2402717,1266689,47.280973997353826
fedbuff,96,78,2546423,554012,78.24352042060569
fedbuff,96,55,2521588,903553,64.16730250937108
fedbuff,96,85,2493945,765006,69.32546627932854
fedbuff,96,7,2445769,1265400,48.26167148246625
fedbuff,97,43,2495402,1396800,44.02505087356666
fedbuff,97,52,2452556,1313573,46.44065211966618
fedbuff,97,91,2463771,1418834,42.41209917642508
fedbuff,97,0,2347611,1226001,47.77665465019545
fedbuff,97,64,2437505,1353259,44.481795934777566
fedbuff,97,72,2468545,1370098,44.49775069929858
fedbuff,97,61,2457304,1269793,48.3257667752952
fedbuff,97,70,2522948,827997,67.18136877969741
fedbuff,97,33,2431092,1001643,58.798638636464595
fedbuff,97,44,2461999,1379592,43.964558880811886
fedbuff,98,15,2409672,1260833,47.676156754944245
fedbuff,98,65,2394002,1340400,44.01007183786814
fedbuff,98,58,2453876,1351833,44.91029701582313
fedbuff,98,16,2470487,1385941,43.90008933461297
fedbuff,98,27,2438939,1300704,46.669268891103876
fedbuff,98,43,2499824,1226862,50.9220649133699
fedbuff,98,31,2423568,1193017,50.77435417533158
fedbuff,98,40,2508559,1135480,54.7357666293677
fedbuff,98,35,2412515,1153988,52.16659792788854
fedbuff,98,47,2447407,1354554,44.65350470926985
fedbuff,99,87,2410963,1356849,43.721699586430816
fedbuff,99,46,2518090,1392975,44.681286212963
fedbuff,99,69,2426490,1297586,46.52415629159815
fedbuff,99,11,2444582,1230753,49.6538467517146
fedbuff,99,55,2567542,835991,67.44002629752502
fedbuff,99,88,2347420,1204029,48.70841178826115
fedbuff,99,58,2456815,1432277,41.70187824480068
fedbuff,99,85,2447858,1315208,46.27106637721633
fedbuff,99,66,2466471,1400733,43.209022121079066
fedbuff,99,12,2417170,1331513,44.91438334912314
fedprox,0,67,4621831,1482165,67.93121600508543
fedprox,0,32,4621986,1124807,75.6639894625384
fedprox,0,61,4621855,1488300,67.79864361820091
fedprox,0,47,4622026,1584532,65.71780427024858
fedprox,0,97,4622123,1586585,65.67410689849665
fedprox,0,6,4621913,1139495,75.34581460101045
fedprox,0,26,4621475,1123192,75.6962441644713
fedprox,0,39,4621662,1451193,68.60019187902533
fedprox,0,62,4621946,1490555,67.75048864698982
fedprox,0,56,4621614,1546684,66.53368282162899
fedprox,1,39,4621556,788743,82.93338866823208
fedprox,1,18,4621560,848077,81.64955123378253
fedprox,1,16,4621784,565928,87.7552044838097
fedprox,1,7,4621707,722447,84.36839462129468
fedprox,1,89,4621887,897992,80.57087938324759
fedprox,1,20,4621637,1037090,77.56011560405977
fedprox,1,95,4621344,1049823,77.28316697480213
fedprox,1,56,4621982,1113509,75.90840898990953
fedprox,1,59,4621565,631687,86.33175125742038
fedprox,1,99,4621527,1042073,77.45175999188147
fedprox,2,44,4621688,1079479,76.64318751071038
fedprox,2,94,4621465,1166462,74.75990838402974
fedprox,2,81,4621798,903483,80.45169866792101
fedprox,2,63,4622017,1306281,71.73785816884705
fedprox,2,75,4621873,1283938,72.22039636311945
fedprox,2,69,4621849,1189096,74.27228799556195
fedprox,2,70,4622031,1050417,77.27369201980687
fedprox,2,99,4621731,1357991,70.61726439725722
fedprox,2,89,4621864,1300305,71.86622107444096
fedprox,2,32,4621969,1025268,77.81750591576879
fedprox,3,87,4622143,1246275,73.03685757883302
fedprox,3,68,4622006,1213153,73.75267362266513
fedprox,3,38,4622014,1027501,77.76940961234648
fedprox,3,90,4621788,1225112,73.4926829183857
fedprox,3,12,4621791,1223393,73.52989349799677
fedprox,3,98,4621574,1189690,74.257904341681
fedprox,3,6,4621593,1020352,77.92207145891038
fedprox,3,20,4621909,1277943,72.35032104699594
fedprox,3,34,4622042,1279965,72.3073697729272
fedprox,3,18,4622027,1225288,73.4902457298497
fedprox,4,85,4621951,1228535,73.41955810435896
fedprox,4,72,4621989,1337565,71.06083549744493
fedprox,4,45,4621835,1355906,70.66303751648427
fedprox,4,97,4622036,1355526,70.67253478769962
fedprox,4,21,4622094,1302214,71.82631941280295
fedprox,4,47,4621883,1267516,72.57576619745676
fedprox,4,70,4622338,1467701,68.24764870072244
fedprox,4,4,4621962,1277804,72.35364548648388
fedprox,4,87,4621955,1224745,73.50158104092316
fedprox,4,91,4622103,1308464,71.69115443770941
fedprox,5,58,4622303,1432846,69.00146961374017
fedprox,5,83,4621980,1445779,68.71948818471736
fedprox,5,20,4622113,1336822,71.0776867636079
fedprox,5,25,4622232,1376788,70.21378416314889
fedprox,5,77,4622150,1303298,71.80320846359378
fedprox,5,15,4622361,1348837,70.8193064107282
fedprox,5,99,4622002,1564732,66.14601205278578
fedprox,5,96,4621978,1300703,71.85830395557919
fedprox,5,43,4622171,1460281,68.40703210677407
fedprox,5,6,4622034,1367808,70.40679493054355
fedprox,6,38,4622674,817282,82.32014630493087
fedprox,6,73,4622375,1506265,67.4136131317775
fedprox,6,12,4622043,1494330,67.66949160793182
fedprox,6,55,4622254,1228208,73.42837498761428
fedprox,6,46,4622670,1391739,69.8931786175522
fedprox,6,99,4622262,1568057,66.07598184611776
fedprox,6,83,4621994,1412047,69.44939781401706
fedprox,6,75,4622049,1513376,67.25746524971935
fedprox,6,63,4621993,1452447,68.575309395752
fedprox,6,60,4622063,1371587,70.32522057791077
fedprox,7,83,4622505,1366252,70.44347166741842
fedprox,7,10,4622430,1602518,65.33169782992928
fedprox,7,80,4623082,779542,83.13804513958438
fedprox,7,85,4622758,1618610,64.98605378001618
fedprox,7,44,4622460,1408170,69.53635077426306
fedprox,7,47,4622285,1503695,67.46857885223434
fedprox,7,23,4622631,1607979,65.21506908078972
fedprox,7,20,4622623,1496842,67.6192066711908
fedprox,7,35,4622530,1530072,66.89968480464161
fedprox,7,93,4622340,1495222,67.65227136039323
fedprox,8,6,4622685,1605782,65.26300191339016
fedprox,8,38,4622945,710483,84.63137675226507
fedprox,8,43,4623094,1473154,68.13488975132238
fedprox,8,88,4622454,1659446,64.1003242000894
fedprox,8,44,4622758,1402101,69.66959983628821
fedprox,8,29,4622856,1589769,65.61067444021617
fedprox,8,25,4622962,1495222,67.65662361057694
fedprox,8,74,4622510,1452086,68.5866336687211
fedprox,8,28,4622436,1506796,67.40255570872155
fedprox,8,57,4622622,1683010,63.59187491428025
fedprox,9,89,4622942,1563139,66.18735428651279
fedprox,9,9,4622901,1392981,69.86781676700409
fedprox,9,58,4622568,1590269,65.59771538244543
fedprox,9,26,4622522,1442786,68.78790409218172
fedprox,9,34,4622709,1421722,69.24483024996815
fedprox,9,65,4622716,1552489,66.41608526243014
fedprox,9,80,4623073,1039322,77.51880621396201
fedprox,9,55,4623266,1242658,73.12164171388798
fedprox,9,71,4623060,1582870,65.76142208840032
fedprox,9,6,4622563,1637157,64.58334910741075
fedprox,10,79,4622583,1555812,66.34323277699936
fedprox,10,59,4622843,1429646,69.07431206294481
fedprox,10,38,4623227,721149,84.40160952512173
fedprox,10,16,4622762,1490136,67.76524510671325
fedprox,10,81,4622884,1412577,69.44381472691073
fedprox,10,53,4622813,1611212,65.14650278953529
fedprox,10,8,4622750,1477316,68.04248553350278
fedprox,10,63,4622827,1650898,64.28812932000267
fedprox,10,80,4623856,691434,85.04637687678856
fedprox,10,66,4622902,1296208,71.96116205794543
fedprox,11,94,4622838,1475729,68.07742343556058
fedprox,11,89,4622743,1652019,64.26323072686498
fedprox,11,56,4623020,1694022,63.35681005057301
fedprox,11,62,4622978,1711822,62.97144394803522
fedprox,11,99,4623464,1653512,64.23651184479861
fedprox,11,15,4622675,1596407,65.46573142174175
fedprox,11,55,4623914,1118636,75.80759503745097
fedprox,11,75,4623277,1606132,65.25987951835894
fedprox,11,50,4623134,1384807,70.04614185961297
fedprox,11,78,4623647,1006610,78.2290905858514
fedprox,12,1,4623061,1301142,71.85540056685386
fedprox,12,96,4623477,1633438,64.670787807531
fedprox,12,35,4623519,1510044,67.3399417197161
fedprox,12,26,4623249,1489461,67.78324074692928
fedprox,12,57,4623033,1578138,65.8635791697788
fedprox,12,22,4623023,1466523,68.27783465494332
fedprox,12,4,4623185,1451515,68.60357091485632
fedprox,12,27,4623004,1641926,64.48356955780268
fedprox,12,25,4623602,1716222,62.88127741098823
fedprox,12,44,4622932,1613789,65.09165611780577
fedprox,13,62,4623386,1479449,68.00074663893518
fedprox,13,78,4623840,907160,80.38080902453372
fedprox,13,18,4623728,1550049,66.476207077925
fedprox,13,11,4623251,1719996,62.79682846551052
fedprox,13,0,4623549,1538960,66.71474661564093
fedprox,13,66,4623627,1612464,65.12556051774938
fedprox,13,73,4623611,1523296,67.05397577780656
fedprox,13,37,4623525,1567185,66.1041088779665
fedprox,13,20,4623485,1672278,63.83078997768998
fedprox,13,60,4623459,1699143,63.24952811304263
fedprox,14,20,4623819,1616952,65.02994602513637
fedprox,14,2,4623588,1609169,65.1965313518419
fedprox,14,17,4624768,697283,84.92285450859373
fedprox,14,9,4623529,1703824,63.14884150180522
fedprox,14,43,4623597,1713321,62.943980628069454
fedprox,14,93,4623623,1664980,63.98971109885041
fedprox,14,29,4623948,1477407,68.0487972615609
fedprox,14,24,4623835,1522506,67.0726572206837
fedprox,14,25,4623971,1671426,63.85301724426905
fedprox,14,68,4623540,1619050,64.98245932770128
fedprox,15,42,4623963,1569136,66.06512638617566
fedprox,15,73,4624031,1611798,65.14301050317353
fedprox,15,16,4623728,1704041,63.1457343511556
fedprox,15,32,4623713,1311790,71.62907818889278
fedprox,15,2,4623800,1778602,61.533760110731436
fedprox,15,21,4623828,1592374,65.56156500631079
fedprox,15,22,4623734,1739942,62.36933179979645
fedprox,15,76,4623970,1537892,66.74087418387231
fedprox,15,88,4623928,1665538,63.98001872001466
fedprox,15,1,4623513,1575649,65.92095664054584
fedprox,16,18,4623866,1592849,65.55157524028594
fedprox,16,8,4624079,1684238,63.57679010241824
fedprox,16,93,4623888,1747002,62.217899741516234
fedprox,16,95,4624136,1756406,62.01655833651951
fedprox,16,12,4623835,1735532,62.46552915491146
fedprox,16,47,4623746,1695510,63.330381902466094
fedprox,16,91,4623854,1658194,64.138270801803
fedprox,16,86,4623950,1560340,66.25525795045361
fedprox,16,97,4623813,1429860,69.0761715493252
fedprox,16,32,4623827,1738274,62.40616268731507
fedprox,17,56,4624202,1627567,64.80328930267319
fedprox,17,50,4624645,1625686,64.84733422781642
fedprox,17,89,4624082,1726644,62.659745220781126
fedprox,17,47,4624379,1589088,65.63672657453033
fedprox,17,49,4623746,1695215,63.33676201071599
fedprox,17,69,4624415,1291325,72.07592744163316
fedprox,17,72,4623875,1648045,64.35792490065151
fedprox,17,28,4624433,1585899,65.70608764360951
fedprox,17,17,4624677,893652,80.67644507929958
fedprox,17,67,4623906,1610829,65.16302450785115
fedprox,18,15,4624322,1739991,62.37305706652781
fedprox,18,11,4624478,1541443,66.66774066175685
fedprox,18,1,4624031,1539283,66.71123095844297
fedprox,18,86,4624201,1708976,63.04278295861274
fedprox,18,20,4624810,1610544,65.17599641931236
fedprox,18,82,4624430,1561122,66.24185034696168
fedprox,18,0,4624297,1621402,64.93732993360936
fedprox,18,4,4624657,1521397,67.10248997925684
fedprox,18,54,4624239,1649294,64.33372064030426
fedprox,18,57,4624152,1771096,61.699009894138435
fedprox,19,27,4624594,1570338,66.04376513916681
fedprox,19,2,4624937,1620692,64.95753347559112
fedprox,19,38,4624745,813849,82.40229461300028
fedprox,19,13,4624559,1764708,61.840512792679256
fedprox,19,42,4624367,1693533,63.37805801312915
fedprox,19,35,4624518,1717831,62.853836875540324
fedprox,19,40,4624420,1703515,63.162623637126394
fedprox,19,41,4624637,1670268,63.8832626214771
fedprox,19,90,4624562,1256730,72.82488590270819
fedprox,19,59,4624126,1696325,63.3157703747692
fedprox,20,11,4624590,1775219,61.61348357367896
fedprox,20,23,4624795,1747417,62.216336075436864
fedprox,20,68,4624480,1425422,69.17659931495001
fedprox,20,39,4624681,1744771,62.27261945202274
fedprox,20,57,4624838,1810678,60.848834056457754
fedprox,20,17,4625207,781340,83.10691824171329
fedprox,20,61,4624525,1561712,66.22978576178093
fedprox,20,27,4624740,1632542,64.6998101514896
fedprox,20,28,4624254,1748107,62.19699436925394
fedprox,20,50,4624702,1640638,64.52446017062289
fedprox,21,78,4625234,1051455,77.26698800536363
fedprox,21,56,4624555,1802005,61.03398056677886
fedprox,21,53,4624509,1687678,63.505790560684396
fedprox,21,49,4624689,1843499,60.13788170404539
fedprox,21,28,4624519,1772465,61.67244636685459
fedprox,21,97,4624668,1589844,65.62252684949492
fedprox,21,57,4624610,1943642,57.97176410551377
fedprox,21,62,4624847,1697401,63.298223703400346
fedprox,21,3,4624516,1545672,66.57656714778368
fedprox,21,42,4624672,1696090,63.32518284539963
fedprox,22,74,4625190,1686537,63.53583312253118
fedprox,22,17,4625552,943701,79.59808904969611
fedprox,22,43,4624885,1625509,64.85298553369435
fedprox,22,16,4625246,1652291,64.27668928312139
fedprox,22,89,4625308,1794270,61.20755634003184
fedprox,22,90,4624643,1493212,67.71184283846343
fedprox,22,7,4624958,1642831,64.47900716071368
fedprox,22,92,4625201,1776520,61.590426016080166
fedprox,22,64,4624739,1598765,65.43015724779279
fedprox,22,0,4624806,1556611,66.34213413492371
fedprox,23,15,4624703,1638000,64.58150934232965
fedprox,23,10,4624839,1750756,62.14449843551311
fedprox,23,99,4625227,1834406,60.3391141667209
fedprox,23,55,4625434,1267830,72.59003155163386
fedprox,23,34,4625095,1689470,63.471669230577966
fedprox,23,83,4625104,1703854,63.16074189899297
fedprox,23,89,4625013,1724122,62.7217912684786
fedprox,23,38,4625512,966442,79.10626974916507
fedprox,23,4,4625236,1557448,66.3271668732147
fedprox,23,28,4625468,1766784,61.80312997517225
fedprox,24,39,4625647,1657221,64.17320647252157
fedprox,24,14,4625171,1766689,61.80273118550643
fedprox,24,34,4625532,1758129,61.99077208848626
fedprox,24,55,4625662,1495170,67.67662661041814
fedprox,24,94,4625392,1681706,63.64187078630308
fedprox,24,33,4625157,1645632,64.41997536516058
fedprox,24,22,4625383,1671113,63.8708189138067
fedprox,24,2,4625197,1788481,61.33178759737152
fedprox,24,90,4625465,1546969,66.55538416137621
fedprox,24,69,4625220,1512023,67.30916583427383
fedprox,25,16,4625799,1789661,61.31131075950338
fedprox,25,34,4625370,1693642,63.38364282208775
fedprox,25,36,4625444,1508010,67.39750821758949
fedprox,25,84,4625178,1769607,61.73969953156397
fedprox,25,1,4625388,1583926,65.75582416004883
fedprox,25,56,4625712,1709259,63.048737145762644
fedprox,25,58,4625532,1870693,59.55723579471508
fedprox,25,81,4625448,1569117,66.07643194778106
fedprox,25,94,4625231,1748387,62.198925848244116
fedprox,25,96,4625318,1610816,65.17394047284965
fedprox,26,30,4625490,1778564,61.54863592830164
fedprox,26,11,4625343,1750472,62.15476344132749
fedprox,26,7,4625524,1684775,63.57655910984356
fedprox,26,86,4625216,1754819,62.05973948027508
fedprox,26,90,4625686,1386901,70.01739850046025
fedprox,26,56,4625843,1668038,63.94088601796473
fedprox,26,16,4626210,1656346,64.19648048834792
fedprox,26,71,4625683,1599050,65.43105093885595
fedprox,26,29,4624987,1702498,63.18912896403817
fedprox,26,78,4626564,907648,80.38181250707869
fedprox,27,1,4625938,1632079,64.71896078157555
fedprox,27,27,4626068,1600132,65.41053871235788
fedprox,27,49,4625728,1756929,62.01832446698119
fedprox,27,15,4625543,1634316,64.66758605422109
fedprox,27,24,4625862,1670184,63.894642771444545
fedprox,27,43,4625690,1667962,63.94133631955449
fedprox,27,29,4625766,1656237,64.19540028613639
fedprox,27,37,4625689,1810485,60.86020914938294
fedprox,27,26,4625923,1816822,60.72520013843723
fedprox,27,78,4626768,594482,87.1512468314815
fedprox,28,58,4626030,1746171,62.25335763062496
fedprox,28,30,4626000,1793268,61.23501945525292
fedprox,28,92,4626161,1648710,64.3611625276336
fedprox,28,69,4625978,1530475,66.91564464854784
fedprox,28,28,4625955,1761557,61.92014405674071
fedprox,28,2,4626183,1816626,60.73164420862729
fedprox,28,64,4626073,1736404,62.464837887339876
fedprox,28,62,4626169,1846159,60.09313537832275
fedprox,28,67,4625965,1552480,66.43986714123432
fedprox,28,89,4625778,1874509,59.476892319519
fedprox,29,25,4626385,1657986,64.16238596658081
fedprox,29,36,4625978,1662012,64.07220267800669
fedprox,29,35,4626169,1841228,60.199724653379505
fedprox,29,28,4626351,1721452,62.7902854755292
fedprox,29,75,4625779,1741175,62.3593128854621
fedprox,29,9,4626303,1704441,63.15760122067231
fedprox,29,14,4626299,1778226,61.562665966899246
fedprox,29,48,4626118,1583294,65.77488944294115
fedprox,29,46,4626059,1632168,64.71795971473775
fedprox,29,71,4626023,1786318,61.38544922928399
fedprox,30,34,4626327,1713589,62.9600544881501
fedprox,30,16,4626330,1703174,63.18520295785213
fedprox,30,69,4626525,1682947,63.623951021555044
fedprox,30,94,4626273,1734389,62.510016162038
fedprox,30,85,4626073,1634087,64.67658422164976
fedprox,30,56,4626363,1739126,62.40835403534051
fedprox,30,95,4626121,1696164,63.3350705699224
fedprox,30,5,4626374,1377563,70.2237000294399
fedprox,30,2,4626435,1777238,61.5851514178844
fedprox,30,10,4626403,1638758,64.57813986373431
fedprox,31,60,4626095,1706441,63.11271169312347
fedprox,31,32,4626638,1620320,64.97845735931793
fedprox,31,82,4626758,1716768,62.8947958808306
fedprox,31,40,4626837,1719033,62.846475897032896
fedprox,31,44,4626462,1647018,64.40005343175844
fedprox,31,31,4626094,1712180,62.988646577436604
fedprox,31,99,4626908,1757985,62.005187913829275
fedprox,31,80,4628410,831170,82.04199714372754
fedprox,31,62,4626663,1722381,62.77271545388112
fedprox,31,12,4626386,1757734,62.00632632037188
fedprox,32,22,4626460,1727009,62.671048706786614
fedprox,32,97,4627139,1904894,58.83214228057554
fedprox,32,80,4628768,797872,82.7627567421828
fedprox,32,42,4626962,1725684,62.70373519384857
fedprox,32,31,4626143,1598508,65.44620432182921
fedprox,32,47,4626755,1656172,64.20445863245406
fedprox,32,83,4626155,1690353,63.46095191363021
fedprox,32,82,4626611,1802302,61.044877124962525
fedprox,32,77,4626653,1750869,62.15689830207711
fedprox,32,93,4626488,1721574,62.788750343673215
fedprox,33,15,4626506,1828607,60.47542140872615
fedprox,33,13,4626540,1551679,66.46135124736846
fedprox,33,94,4627072,1628931,64.79564182273369
fedprox,33,75,4627042,1664367,64.02956791833746
fedprox,33,0,4627002,1644094,64.46740243466505
fedprox,33,5,4626729,1610391,65.19374702948888
fedprox,33,61,4626777,1763607,61.88260207915791
fedprox,33,96,4627165,1439774,68.8843168549209
fedprox,33,24,4627122,1614395,65.11016999335656
fedprox,33,87,4627170,1827549,60.503958142882155
fedprox,34,27,4627174,1619349,65.00349889587037
fedprox,34,36,4627114,1698551,63.29135180157653
fedprox,34,37,4626805,1781489,61.496345750469274
fedprox,34,32,4626739,1478516,68.04410190417052
fedprox,34,31,4626447,1726112,62.69033234358894
fedprox,34,58,4626885,1627858,64.81740955307944
fedprox,34,10,4626918,1696703,63.32973698691008
fedprox,34,12,4626830,1854314,59.92258198377722
fedprox,34,79,4626543,1800958,61.07335433821754
fedprox,34,6,4626742,1772144,61.69779944505227
fedprox,35,90,4627683,1538550,66.7533407106753
fedprox,35,56,4627049,1755206,62.066405607548134
fedprox,35,69,4627115,1640184,64.55277208368497
fedprox,35,41,4626967,1627131,64.8337453022682
fedprox,35,47,4627206,1804657,60.998991616107
fedprox,35,86,4627344,1737144,62.459155835399315
fedprox,35,17,4627977,996885,78.45959476462394
fedprox,35,22,4627427,1843821,60.15450919052856
fedprox,35,14,4627273,1829518,60.46228523797925
fedprox,35,51,4627059,1786637,61.38720081157383
fedprox,36,23,4627625,1823421,60.59704492045055
fedprox,36,82,4627498,1814252,60.794105151423075
fedprox,36,8,4627218,1651739,64.30384304348746
fedprox,36,12,4627030,1773292,61.67537275530957
fedprox,36,73,4627351,1794253,61.225050790398214
fedprox,36,9,4627212,1753409,62.10657735154559
fedprox,36,95,4627484,1859041,59.82609556294523
fedprox,36,24,4627472,1815832,60.75974095575294
fedprox,36,35,4627257,1773440,61.67405441279791
fedprox,36,37,4627117,1802072,61.054107773803864
fedprox,37,1,4626754,1658550,64.15305417145585
fedprox,37,94,4627746,1708362,63.08436115551718
fedprox,37,54,4627339,1805326,60.98565503845731
fedprox,37,98,4627635,1797330,61.16093857877728
fedprox,37,77,4627526,1718843,62.856113612327626
fedprox,37,93,4627523,1727111,62.677419431518764
fedprox,37,2,4627254,1874213,59.49621524990848
fedprox,37,57,4627557,1535424,66.81998730647727
fedprox,37,37,4627505,1763397,61.8931367983395
fedprox,37,60,4627545,1879333,59.38812048289104
fedprox,38,16,4627952,1798484,61.13866349521344
fedprox,38,20,4627653,1912071,58.68162543734372
fedprox,38,85,4627688,1859411,59.819871175412
fedprox,38,37,4627894,1725789,62.708977344770645
fedprox,38,35,4627462,1654922,64.23694024932026
fedprox,38,19,4627253,1724673,62.727929508068826
fedprox,38,26,4627562,1799620,61.1108397899369
fedprox,38,86,4627351,1860433,59.794858872819454
fedprox,38,70,4627912,1545897,66.59623173474345
fedprox,38,15,4626897,1801144,61.07231261037364
fedprox,39,63,4627621,1694397,63.385138929916685
fedprox,39,48,4627741,1736242,62.48186750295663
fedprox,39,22,4627691,1754154,62.0944008577928
fedprox,39,56,4627565,1757795,62.014688070291825
fedprox,39,64,4627548,1638366,64.59537534780839
fedprox,39,47,4627644,1817466,60.72588989127081
fedprox,39,65,4627027,1782312,61.480406317058446
fedprox,39,71,4627647,1790626,61.30590773237458
fedprox,39,45,4627098,1673048,63.842391062389424
fedprox,39,12,4627979,1818676,60.702587457721826
fedprox,40,27,4627912,1725111,62.72377262143274
fedprox,40,5,4627503,1665150,64.01623078364294
fedprox,40,7,4627731,1589430,65.65422666097056
fedprox,40,43,4628151,1742954,62.34016565146643
fedprox,40,60,4627884,1809010,60.91064512420795
fedprox,40,29,4627756,1783939,61.451316793711676
fedprox,40,85,4628131,1847488,60.08133736923177
fedprox,40,17,4628102,911317,80.3090554183983
fedprox,40,73,4627607,1905380,58.82580348763411
fedprox,40,14,4627934,1850890,60.00612800441838
fedprox,41,45,4627875,1739416,62.41436944602003
fedprox,41,63,4627714,1860882,59.788310167827994
fedprox,41,81,4627967,1602113,65.38192688063678
fedprox,41,25,4628136,1705525,63.14877090906577
fedprox,41,65,4627855,1747282,62.24423626064344
fedprox,41,90,4628188,1366690,70.47030068787178
fedprox,41,70,4628790,1421999,69.27925008479538
fedprox,41,27,4627922,1758707,61.99791180577374
fedprox,41,13,4627430,1781746,61.495992375897636
fedprox,41,19,4628518,1817806,60.725960231763175
fedprox,42,35,4628629,1691538,63.4548804840483
fedprox,42,48,4628001,1801639,61.070902966529175
fedprox,42,3,4627901,1863210,59.73963142253908
fedprox,42,69,4628003,1612764,65.15205370437313
fedprox,42,74,4628252,1840368,60.236218771147286
fedprox,42,46,4628072,1882377,59.326972441223916
fedprox,42,22,4628086,1843679,60.16325107182537
fedprox,42,44,4628023,1640061,64.56238441338775
fedprox,42,18,4627685,1762772,61.908124688694244
fedprox,42,92,4627811,1805378,60.988510550668565
fedprox,43,92,4627915,1713916,62.96569837605055
fedprox,43,53,4628090,1778940,61.562113096331316
fedprox,43,90,4628818,1092384,76.40036830136765
fedprox,43,51,4628333,1705750,63.145478080336915
fedprox,43,43,4628604,1612426,65.16388094552916
fedprox,43,48,4628575,1849348,60.04498144677357
fedprox,43,7,4628078,1813300,60.81958860676073
fedprox,43,67,4628384,1672519,63.86386695658788
fedprox,43,24,4628199,1753188,62.11943349886209
fedprox,43,65,4628594,1688486,63.52054209118363
fedprox,44,37,4628679,1739538,62.41826231631098
fedprox,44,19,4628372,1788075,61.36708544602725
fedprox,44,80,4628284,834064,81.97897968231854
fedprox,44,74,4628439,1761080,61.95088668123313
fedprox,44,99,4628693,1839075,60.26794172782684
fedprox,44,71,4628053,1806765,60.96058104779699
fedprox,44,64,4628523,1626056,64.86879291730861
fedprox,44,6,4628352,1822341,60.62656859288145
fedprox,44,52,4628020,1785219,61.42585814235893
fedprox,44,59,4628389,1638760,64.59329585304951
fedprox,45,7,4628650,1815572,60.775344862973
fedprox,45,1,4628342,1628829,64.80750558191248
fedprox,45,17,4629921,968705,79.0772887917526
fedprox,45,36,4628035,1621723,64.95871357930525
fedprox,45,20,4628364,1884132,59.29162010593808
fedprox,45,60,4628511,1950984,57.8485608006549
fedprox,45,14,4628581,1797722,61.16040747693516
fedprox,45,84,4628543,1731893,62.58232882356284
fedprox,45,58,4628657,1616055,65.08587696171914
fedprox,45,12,4628700,1731224,62.59805128869878
fedprox,46,82,4629006,1745151,62.299660013402445
fedprox,46,36,4628633,1749567,62.20121578012342
fedprox,46,71,4628368,1857836,59.85980371482993
fedprox,46,3,4628491,1797759,61.15885285290605
fedprox,46,83,4628597,1674282,63.82744058296714
fedprox,46,44,4628816,1701505,63.24103183189826
fedprox,46,60,4628778,1784524,61.44718973344585
fedprox,46,1,4628589,1612537,65.16136991208337
fedprox,46,12,4629072,1761845,61.93956369656812
fedprox,46,39,4628854,1661961,64.09562712498601
fedprox,47,88,4628576,1810519,60.88388739862973
fedprox,47,22,4629092,1795401,61.21483435628412
fedprox,47,87,4628714,1929466,58.31529016482764
fedprox,47,34,4629066,1865008,59.710922246517974
fedprox,47,72,4628461,1455116,68.56155858286373
fedprox,47,89,4628761,1772201,61.71327489148823
fedprox,47,23,4629495,1914285,58.65024154902425
fedprox,47,61,4628804,1794254,61.23720079744142
fedprox,47,9,4628612,1739024,62.428823154759996
fedprox,47,84,4628960,1718091,62.88386592236701
fedprox,48,84,4629090,1916279,58.603548429604956
fedprox,48,9,4628663,1747980,62.23574712611395
fedprox,48,33,4628384,1729450,62.63382640679771
fedprox,48,95,4629143,1828795,60.49387543223443
fedprox,48,82,4628654,1755716,62.06854087603004
fedprox,48,68,4629009,1806011,60.984932196070474
fedprox,48,45,4628919,1643700,64.49062945365863
fedprox,48,92,4628585,1793557,61.25042534597507
fedprox,48,21,4628950,1846637,60.10678447596107
fedprox,48,85,4629349,1901093,58.93390193739984
fedprox,49,13,4629165,1560789,66.28357381946853
fedprox,49,16,4629250,1856470,59.89695955068315
fedprox,49,24,4628978,1840815,60.232798686880784
fedprox,49,38,4629996,769337,83.38363575260108
fedprox,49,10,4629051,1812745,60.839813603263394
fedprox,49,36,4629126,1838487,60.28436037385892
fedprox,49,92,4629302,1734594,62.53011793138577
fedprox,49,79,4628885,1556794,66.36784020341831
fedprox,49,59,4629042,1775870,61.636338577182926
fedprox,49,72,4628945,1726921,62.69298943927828
fedprox,50,1,4629315,1608171,65.2611455474514
fedprox,50,2,4629287,1842614,60.19659182936811
fedprox,50,77,4629368,1567215,66.1462428564763
fedprox,50,82,4629218,1681113,63.6847303367437
fedprox,50,17,4630733,878395,81.03118879883596
fedprox,50,51,4628810,1647045,64.41752847924195
fedprox,50,94,4629480,1823139,60.618924803649655
fedprox,50,6,4628767,1739825,62.41277644780997
fedprox,50,92,4628935,1654357,64.26052644938846
fedprox,50,19,4629447,1329736,71.27656931810647
fedprox,51,93,4628995,1892338,59.1198953552553
fedprox,51,54,4629518,1739980,62.415525763157206
fedprox,51,52,4629474,1851133,60.01418303677697
fedprox,51,16,4629603,1782699,61.4934801104976
fedprox,51,70,4629370,1235431,73.31319380390853
fedprox,51,49,4628981,1805257,61.00098488198591
fedprox,51,2,4629590,1876426,59.468851453368444
fedprox,51,73,4629929,1738066,62.46020187350605
fedprox,51,84,4629165,1874199,59.51323834860067
fedprox,51,5,4629754,1376659,70.2649644019963
fedprox,52,13,4629753,1629562,64.80239874567822
fedprox,52,19,4629660,1700826,63.26239939865994
fedprox,52,8,4629644,1730200,62.6277960033212
fedprox,52,43,4630199,1833084,60.41025450525992
fedprox,52,12,4629362,1811406,60.87136845206748
fedprox,52,27,4629418,1904856,58.853229498826856
fedprox,52,30,4629483,1856795,59.89195769808422
fedprox,52,84,4629667,1828573,60.503142018637625
fedprox,52,85,4629482,1775168,61.655148459374075
fedprox,52,41,4629899,1869215,59.62730504488327
fedprox,53,46,4630544,1715133,62.96044266073273
fedprox,53,99,4630079,1836025,60.34570900410123
fedprox,53,4,4630080,1660640,64.13366507706131
fedprox,53,20,4629537,1741315,62.38684343596347
fedprox,53,24,4630173,1696993,63.34925282489445
fedprox,53,50,4629996,1485155,67.92319043040209
fedprox,53,41,4629593,1817785,60.735533339539785
fedprox,53,15,4629429,1615060,65.1131921452948
fedprox,53,23,4630025,1766106,61.85536795157694
fedprox,53,93,4629140,1627321,64.8461485286684
fedprox,54,21,4629868,1750149,62.198727911897265
fedprox,54,92,4629681,1729806,62.63660498423109
fedprox,54,18,4629848,1663481,64.07050512241439
fedprox,54,0,4629767,1713908,62.98068563709578
fedprox,54,9,4629722,1718510,62.88092459979239
fedprox,54,61,4629892,1725653,62.72800747836018
fedprox,54,87,4629624,1805433,61.002599779161336
fedprox,54,53,4629470,1598966,65.46114350022789
fedprox,54,26,4629580,1802697,61.061327377429485
fedprox,54,17,4631649,843775,81.78240622292405
fedprox,55,65,4630110,1643828,64.49699899138466
fedprox,55,29,4629459,1701154,63.25371927907775
fedprox,55,71,4630177,1898988,58.98670828350623
fedprox,55,41,4630262,1805444,61.007735631374636
fedprox,55,9,4630024,1713207,62.997880788522906
fedprox,55,61,4629820,1382568,70.13775913534434
fedprox,55,87,4630139,1686085,63.58457057120748
fedprox,55,44,4630160,1844612,60.16094476216804
fedprox,55,45,4629688,1752441,62.14775164114731
fedprox,55,58,4629750,1842790,60.196770883957015
fedprox,56,37,4630102,1771307,61.74367216964119
fedprox,56,40,4630113,1614511,65.13020308575622
fedprox,56,43,4630484,1773626,61.696747035515074
fedprox,56,12,4629989,1900006,58.963055851752564
fedprox,56,19,4630189,1650524,64.35298861450364
fedprox,56,68,4630085,1814045,60.82048169742025
fedprox,56,35,4629930,1675034,63.82161285375805
fedprox,56,94,4629881,1780266,61.54834217121348
fedprox,56,52,4629642,1739038,62.4368795686578
fedprox,56,88,4629843,1787740,61.38659561458131
fedprox,57,41,4630245,1846951,60.111160424556374
fedprox,57,62,4630190,1770435,61.76323217837714
fedprox,57,29,4630582,1636086,64.66781065533446
fedprox,57,12,4629986,1842827,60.19800059870592
fedprox,57,40,4630219,1362686,70.5697289912205
fedprox,57,92,4629992,1831572,60.44114115099983
fedprox,57,9,4629853,1724686,62.74857970652632
fedprox,57,73,4630647,1881447,59.36967339553198
fedprox,57,94,4630335,1677163,63.77879786235769
fedprox,57,38,4630946,808847,82.53387104924134
fedprox,58,9,4630390,1755710,62.08289150589907
fedprox,58,3,4630265,1846889,60.11267173693082
fedprox,58,6,4630265,1649220,64.38173625051698
fedprox,58,20,4630045,1816147,60.774744089960244
fedprox,58,94,4630294,1800901,61.10611982738029
fedprox,58,18,4630189,1794184,61.250307492847476
fedprox,58,70,4630347,1385549,70.07677826305458
fedprox,58,24,4630448,1725557,62.734556137980604
fedprox,58,75,4630150,1763386,61.9151431379113
fedprox,58,16,4630533,1857235,59.891550281576656
fedprox,59,97,4630783,1632935,64.73738890377719
fedprox,59,23,4630704,1761237,61.96610709732256
fedprox,59,1,4629928,1643122,64.51085200461002
fedprox,59,0,4630394,1766355,61.853030217299
fedprox,59,41,4630443,1786198,61.42490038210167
fedprox,59,15,4630510,1680383,63.71062798698199
fedprox,59,3,4630440,1877005,59.463787458643246
fedprox,59,6,4630734,1742994,62.36030832261149
fedprox,59,28,4630481,1804850,61.02240782329093
fedprox,59,33,4630370,1750995,62.184555445893096
fedprox,60,64,4630651,1727246,62.699715439578576
fedprox,60,37,4630523,1657923,64.19577227021655
fedprox,60,36,4630482,1722416,62.802662876132544
fedprox,60,56,4631006,1788686,61.375865200779266
fedprox,60,29,4630522,1776924,61.62583829641669
fedprox,60,12,4630860,1781432,61.531292243773294
fedprox,60,63,4630515,1944753,58.00136701857137
fedprox,60,40,4630899,1039336,77.55649604968711
fedprox,60,38,4631431,668017,85.57644494757668
fedprox,60,22,4630443,1954162,57.79751527013721
fedprox,61,98,4630921,1932080,58.278709569867424
fedprox,61,47,4630427,1845797,60.137650372201094
fedprox,61,35,4630478,1829407,60.49204855308674
fedprox,61,21,4630574,1847821,60.095206339430064
fedprox,61,45,4631240,1629958,64.80514937684076
fedprox,61,12,4631133,1689409,63.520611478875686
fedprox,61,69,4630675,1220558,73.64189885923759
fedprox,61,74,4630783,1748243,62.24735644058468
fedprox,61,56,4630736,1840820,60.247787824656804
fedprox,61,13,4630523,1662745,64.09163716495956
fedprox,62,24,4631169,1885383,59.289263682668455
fedprox,62,25,4630851,1881417,59.372111087141434
fedprox,62,96,4630768,1768129,61.81780214426635
fedprox,62,73,4631119,1936993,58.17440666067964
fedprox,62,58,4630856,1819530,60.70856014525177
fedprox,62,81,4631000,1713407,63.001360397322394
fedprox,62,39,4630779,1722319,62.80714324738883
fedprox,62,34,4630516,1724996,62.747218668502605
fedprox,62,28,4630719,1626922,64.8667517938359
fedprox,62,7,4630636,1764064,61.904498647701956
fedprox,63,14,4630929,1861453,59.80389679910878
fedprox,63,75,4630789,1625494,64.89811995320885
fedprox,63,67,4631118,1599737,65.45678602877318
fedprox,63,95,4630526,1777827,61.60637042098457
fedprox,63,24,4631605,1635849,64.68073162543007
fedprox,63,47,4630675,1799755,61.13406792746198
fedprox,63,33,4630808,1754347,62.115747403045
fedprox,63,6,4630730,1783291,61.49006744077068
fedprox,63,25,4631212,1687156,63.5698819229178
fedprox,63,0,4631067,1725949,62.73107255844064
fedprox,64,63,4631794,1814116,60.833404939857004
fedprox,64,41,4631311,1766775,61.85151461432843
fedprox,64,21,4631173,1694091,63.419829058426444
fedprox,64,92,4630971,1882228,59.35565133100595
fedprox,64,2,4631149,1626884,64.8708344300734
fedprox,64,55,4631800,1491261,67.80385595232956
fedprox,64,40,4631609,1216361,73.73783063293988
fedprox,64,99,4631454,1712948,63.01489769735379
fedprox,64,45,4631281,1782550,61.51064899754517
fedprox,64,61,4631081,1809655,60.92370226303534
fedprox,65,44,4631307,1894377,59.09627670979272
fedprox,65,92,4630855,1734232,62.55050093341295
fedprox,65,60,4631000,1792236,61.29915784927662
fedprox,65,84,4631126,1762569,61.940810938851584
fedprox,65,40,4631289,1525134,67.0689088933988
fedprox,65,26,4631155,1786671,61.42061753493459
fedprox,65,33,4630821,1737335,62.48321841850506
fedprox,65,78,4631770,781595,83.12534948842452
fedprox,65,88,4631340,1755751,62.089783950217424
fedprox,65,94,4631396,1747601,62.26621519731847
fedprox,66,79,4631407,1762426,61.946207707506595
fedprox,66,0,4631445,1768172,61.822454978953644
fedprox,66,34,4631461,1885034,59.29936579407664
fedprox,66,91,4631357,1829413,60.49941734139692
fedprox,66,81,4631238,1645142,64.47727367930563
fedprox,66,16,4631574,1652301,64.32528121109584
fedprox,66,59,4631663,1881062,59.386898399127915
fedprox,66,10,4631335,1744074,62.341873347533706
fedprox,66,9,4630951,1790545,61.335263534423056
fedprox,66,65,4631075,1772302,61.73022462387243
fedprox,67,66,4631567,1737541,62.48481345514381
fedprox,67,7,4631641,1870769,59.608937739345514
fedprox,67,42,4631366,1872566,59.567738762170805
fedprox,67,79,4630926,1812137,60.8687981626137
fedprox,67,31,4631870,1863755,59.7623637969114
fedprox,67,40,4631898,1612857,65.17934980433506
fedprox,67,25,4631445,1866219,59.70546989114629
fedprox,67,20,4631481,1861272,59.81259558227703
fedprox,67,9,4631584,1839590,60.281622874593225
fedprox,67,44,4631238,1710587,63.06415260887046
fedprox,68,31,4631424,1728816,62.67204211922726
fedprox,68,91,4631401,1782439,61.51404294294534
fedprox,68,12,4631569,1781274,61.5405923996814
fedprox,68,7,4631874,1774509,61.68917807349682
fedprox,68,77,4631367,1831251,60.45981672365848
fedprox,68,64,4631581,1853146,59.98891091400539
fedprox,68,11,4631287,1912037,58.71478057827122
fedprox,68,23,4631814,1776274,61.650575778733774
fedprox,68,15,4631226,1745673,62.306460535503994
fedprox,68,73,4631951,1837854,60.32224865936622
fedprox,69,11,4631232,1680034,63.72382122078963
fedprox,69,54,4632028,1742159,62.38884998104501
fedprox,69,93,4631746,1906990,58.82783727777819
fedprox,69,62,4631849,1808985,60.94464651157669
fedprox,69,29,4631263,1730290,62.638917288869145
fedprox,69,66,4631594,1751283,62.18833084247022
fedprox,69,12,4631772,1850659,60.04425520081731
fedprox,69,88,4631845,1764758,61.89945907084542
fedprox,69,76,4631595,1844217,60.18181641529539
fedprox,69,0,4631653,1573559,66.02597388016763
fedprox,70,39,4631843,1819010,60.72815939573082
fedprox,70,98,4632046,1870238,59.62393292294592
fedprox,70,78,4633844,706206,84.7598235935435
fedprox,70,33,4631740,1727468,62.70369234887969
fedprox,70,87,4631794,1846018,60.14464373847369
fedprox,70,51,4631883,1680344,63.7222270078929
fedprox,70,43,4631945,1750719,62.20337244937062
fedprox,70,55,4632458,1281557,72.33526995819498
fedprox,70,47,4631744,1762624,61.94470160699728
fedprox,70,41,4631437,1904086,58.887792276997395
fedprox,71,82,4631691,1684850,63.62343688298723
fedprox,71,38,4632117,719891,84.4587043030217
fedprox,71,13,4631608,1684683,63.6263906617313
fedprox,71,77,4631543,1741197,62.40568208046433
fedprox,71,68,4632160,1857450,59.90099651134676
fedprox,71,84,4631852,1886660,59.2676968089654
fedprox,71,89,4631776,1871572,59.59277823452602
fedprox,71,81,4631633,1731989,62.60521936863306
fedprox,71,24,4632131,1715036,62.97522673689496
fedprox,71,88,4631936,1844427,60.180214061679614
fedprox,72,27,4631925,1848280,60.09693593916137
fedprox,72,2,4632149,1756306,62.08442345010923
fedprox,72,53,4631641,1825929,60.577061132328694
fedprox,72,39,4632066,1876395,59.49118600641701
fedprox,72,88,4632050,1897859,59.02766593624853
fedprox,72,87,4632117,1910220,58.76140434276596
fedprox,72,6,4631508,1867209,59.68464266929907
fedprox,72,56,4631998,1779440,61.5837485249346
fedprox,72,37,4631933,1943786,58.03510111221384
fedprox,72,60,4631787,1647593,64.42856720311188
fedprox,73,97,4631938,1753659,62.13984297717283
fedprox,73,88,4632162,1870719,59.61456011253492
fedprox,73,84,4632429,1584414,65.79733871798143
fedprox,73,64,4631910,1840667,60.26116655979931
fedprox,73,23,4632347,1838538,60.310874811407686
fedprox,73,39,4632190,1744815,62.33282745310533
fedprox,73,63,4631898,1864312,59.750581726972406
fedprox,73,62,4632584,1850571,60.05315823738976
fedprox,73,43,4632652,1762384,61.957341065117774
fedprox,73,41,4632324,1908705,58.79595209661501
fedprox,74,84,4632301,1791290,61.330448949668856
fedprox,74,98,4632588,1887248,59.26147544310005
fedprox,74,91,4632358,1916299,58.632320731687834
fedprox,74,21,4632008,1764239,61.91200446976776
fedprox,74,45,4632240,1784321,61.4803852995527
fedprox,74,55,4632851,1490425,67.82920495392578
fedprox,74,16,4632066,1792796,61.29597462557744
fedprox,74,42,4632688,1752774,62.16507565370255
fedprox,74,34,4632554,1853065,59.9990631517733
fedprox,74,52,4632113,1763798,61.92238833551772
fedprox,75,15,4632140,1767247,61.848152257919665
fedprox,75,63,4632340,1699219,63.318344508391
fedprox,75,13,4632072,1697068,63.36265930235972
fedprox,75,97,4632124,1881846,59.37401503068571
fedprox,75,1,4631790,1768164,61.825471362043615
fedprox,75,38,4634796,698408,84.93120301303445
fedprox,75,61,4632366,1733871,62.570509325040376
fedprox,75,14,4631739,1832401,60.438163722092284
fedprox,75,7,4631899,1744183,62.344105516981266
fedprox,75,49,4632341,1739617,62.44626636942314
fedprox,76,43,4632613,1216702,73.73616142768671
fedprox,76,67,4632402,1448022,68.74144342395154
fedprox,76,66,4632670,1814949,60.822830031062004
fedprox,76,52,4632587,1813035,60.863444118804466
fedprox,76,85,4632621,1798027,61.187694827614855
fedprox,76,83,4632258,1703428,63.22683235691967
fedprox,76,35,4632430,1722358,62.81955690641845
fedprox,76,34,4632382,1915216,58.65591395528262
fedprox,76,3,4632676,1868529,59.666313810851435
fedprox,76,74,4632201,1770368,61.78127848942652
fedprox,77,30,4632629,1814963,60.822181098464824
fedprox,77,34,4632834,1705772,63.180808982147866
fedprox,77,63,4632987,1874949,59.530449794052956
fedprox,77,61,4632541,1671525,63.91775053906701
fedprox,77,37,4632267,1923760,58.470442226236095
fedprox,77,8,4632644,1827842,60.5443025624244
fedprox,77,11,4632237,1790112,61.35534516044841
fedprox,77,97,4632663,1798903,61.16913749176229
fedprox,77,9,4632964,1700854,63.287994467472664
fedprox,77,87,4632472,1886452,59.27763837536417
fedprox,78,24,4632950,1697356,63.36338617943211
fedprox,78,90,4633067,1282713,72.31395531297086
fedprox,78,79,4632481,1818403,60.746671168214185
fedprox,78,50,4633099,1754951,62.12144398382162
fedprox,78,32,4632600,1756447,62.08507101843457
fedprox,78,9,4632429,1734131,62.56540575149667
fedprox,78,28,4632719,1866636,59.707549713246145
fedprox,78,15,4632450,1786979,61.424753640082464
fedprox,78,45,4632512,1864887,59.74350417225038
fedprox,78,30,4632571,1882075,59.3729918008812
fedprox,79,27,4632910,1829081,60.51982447317129
fedprox,79,75,4632660,1736231,62.52194203761985
fedprox,79,99,4633120,1904800,58.887315674966324
fedprox,79,41,4632613,1874824,59.529880868529276
fedprox,79,2,4632733,1853778,59.985218228635226
fedprox,79,92,4632610,1768949,61.81528339316282
fedprox,79,19,4633057,1897684,59.04034852150535
fedprox,79,73,4632660,1955727,57.78392975094222
fedprox,79,3,4633026,1844736,60.182912852205014
fedprox,79,43,4633095,1763415,61.9387256250951
fedprox,80,23,4632943,1927579,58.3940704644974
fedprox,80,8,4632736,1843344,60.21046742141145
fedprox,80,98,4633310,2019322,56.41729131010011
fedprox,80,55,4633372,1224971,73.56199761210627
fedprox,80,96,4633016,1657578,64.222484878101
fedprox,80,61,4632773,1528666,67.00321815897303
fedprox,80,86,4632609,1708228,63.12600523808507
fedprox,80,50,4633279,1684208,63.649760784964606
fedprox,80,51,4632944,1779279,61.595067844549824
fedprox,80,24,4632850,1795067,61.253504862017984
fedprox,81,92,4633033,1879376,59.43529864777566
fedprox,81,32,4632734,1684374,63.641901304931395
fedprox,81,72,4632866,1727349,62.71532567529473
fedprox,81,20,4633106,1834089,60.413403017327894
fedprox,81,83,4633081,1793662,61.28576210949041
fedprox,81,5,4633087,1524846,67.08790488933188
fedprox,81,12,4632927,1809725,60.9377613763394
fedprox,81,0,4632890,1606302,65.32829400223187
fedprox,81,77,4632644,1818708,60.74146858683724
fedprox,81,89,4632903,1795752,61.23916257258137
fedprox,82,86,4633244,1823561,60.64180949675864
fedprox,82,56,4632984,1833160,60.43241245814792
fedprox,82,43,4633454,1719646,62.88630468760454
fedprox,82,48,4632844,1917288,58.615312753893726
fedprox,82,46,4633325,1880547,59.41258167730518
fedprox,82,6,4633219,1553679,66.46653223169463
fedprox,82,72,4633150,1596229,65.54765116605333
fedprox,82,20,4632904,1833268,60.429398062208925
fedprox,82,94,4633408,1870843,59.622744209014186
fedprox,82,10,4633036,1855633,59.94779664997208
fedprox,83,34,4633181,1830474,60.49206797662341
fedprox,83,76,4633210,1888411,59.24184312819838
fedprox,83,10,4633194,1918880,58.584078283793
fedprox,83,45,4632678,1768619,61.82296719089908
fedprox,83,85,4633189,1998531,56.86489370496217
fedprox,83,35,4633002,1971950,57.43688433546974
fedprox,83,51,4633262,1761740,61.97624913074201
fedprox,83,89,4632958,1965303,57.579952160153404
fedprox,83,15,4633194,1701964,63.2658593618139
fedprox,83,96,4633495,1650213,64.38513476328345
fedprox,84,74,4633405,1791820,61.328224059843684
fedprox,84,61,4633376,1673591,63.879663554177334
fedprox,84,64,4632807,1661333,64.13981847290422
fedprox,84,12,4633480,1896025,59.07989243505961
fedprox,84,37,4633201,1880757,59.40696291829342
fedprox,84,65,4632930,1776910,61.6460857383988
fedprox,84,32,4633343,1680133,63.73821234473683
fedprox,84,72,4633153,1797617,61.20100070081864
fedprox,84,13,4633303,1783239,61.51257537009774
fedprox,84,98,4633251,1924977,58.452995531647225
fedprox,85,4,4633600,1703696,63.23169889502762
fedprox,85,62,4633474,1903771,58.9126646658641
fedprox,85,53,4633492,1741685,62.41096348067505
fedprox,85,60,4633617,1857849,59.904994305744296
fedprox,85,76,4633290,1818927,60.742215574678035
fedprox,85,47,4633459,1901733,58.956516071470574
fedprox,85,58,4633316,1838785,60.31384433956155
fedprox,85,69,4633383,1561979,66.28858438855583
fedprox,85,67,4633814,1262647,72.75145269102299
fedprox,85,10,4633217,1825147,60.607349062217466
fedprox,86,3,4633568,1699814,63.315224897962
fedprox,86,79,4633568,1588975,65.70731237784791
fedprox,86,67,4633695,1653700,64.3114188568734
fedprox,86,81,4633336,1852346,60.0213323618231
fedprox,86,23,4633592,2023015,56.340243163403244
fedprox,86,30,4633456,1814333,60.84277049355815
fedprox,86,21,4633438,1820369,60.712347936888335
fedprox,86,19,4633346,1705621,63.18813660797187
fedprox,86,78,4634069,989436,78.64865628888997
fedprox,86,14,4633440,1764065,61.927531164750164
fedprox,87,57,4633694,1684775,63.640779904758496
fedprox,87,79,4633488,1843080,60.2226227843905
fedprox,87,94,4633828,1850994,60.05475386656561
fedprox,87,44,4633469,1873719,59.56120565390639
fedprox,87,55,4634501,1168276,74.79176291039748
fedprox,87,46,4633851,1816988,60.788812588061205
fedprox,87,14,4633596,1837800,60.33750029135039
fedprox,87,68,4633644,1721198,62.85433235699591
fedprox,87,86,4633553,1742126,62.401940800072865
fedprox,87,41,4633447,1859831,59.860747301091386
fedprox,88,54,4633605,1722282,62.830625398582754
fedprox,88,28,4633832,1710827,63.07964984488
fedprox,88,2,4634044,1909306,58.798276408251624
fedprox,88,68,4633210,1784403,61.486679861262495
fedprox,88,34,4633661,1957067,57.76413078125482
fedprox,88,52,4633422,1764359,61.921038057832845
fedprox,88,31,4633542,1715124,62.98460227618526
fedprox,88,87,4633796,1783919,61.501995340321415
fedprox,88,60,4633461,1860272,59.85135085846196
fedprox,88,20,4633511,1758738,62.043081369613674
fedprox,89,51,4633749,1749292,62.24888313976437
fedprox,89,42,4633498,1741188,62.42173839289453
fedprox,89,74,4633487,1786282,61.44842965999473
fedprox,89,28,4633780,1861321,59.8314766777879
fedprox,89,96,4634148,1679517,63.757804023522766
fedprox,89,88,4633389,1698997,63.33144055031856
fedprox,89,75,4633489,1745788,62.32238816149127
fedprox,89,56,4633932,1795368,61.25605641170393
fedprox,89,50,4634331,1679335,63.76316236367234
fedprox,89,9,4633439,1726782,62.732173661938795
fedprox,90,40,4633773,1734765,62.56258129174649
fedprox,90,62,4634094,1908828,58.8090358115308
fedprox,90,91,4633786,1914602,58.68169138583439
fedprox,90,2,4633912,1829639,60.516319688418776
fedprox,90,56,4633723,1749026,62.25441184119121
fedprox,90,75,4633748,1827316,60.56505446562912
fedprox,90,23,4634114,1914785,58.68066689770688
fedprox,90,97,4633744,1774870,61.69684816424904
fedprox,90,69,4633543,1692972,63.4626893502445
fedprox,90,84,4633663,1763953,61.93178053734163
fedprox,91,1,4633571,1656618,64.24748860004519
fedprox,91,8,4633793,1860778,59.843307631566624
fedprox,91,70,4633893,1126934,75.6806210242662
fedprox,91,98,4634181,1959295,57.72079251975699
fedprox,91,54,4633650,1747695,62.28254184066557
fedprox,91,22,4633766,1732383,62.61393000855028
fedprox,91,77,4634212,1803624,61.080244063068335
fedprox,91,92,4633833,1786326,61.45035869872738
fedprox,91,12,4633573,1868755,59.669244446995876
fedprox,91,84,4634227,1720140,62.88183552510483
fedprox,92,92,4633417,1677049,63.80535142854615
fedprox,92,75,4634029,1779777,61.59331329173814
fedprox,92,76,4634053,1862525,59.80786149834712
fedprox,92,28,4633952,1757442,62.07466110999855
fedprox,92,98,4634402,1807157,61.00560546970246
fedprox,92,45,4633605,1868332,59.67865193515631
fedprox,92,3,4633626,1689978,63.527958449818776
fedprox,92,29,4633615,1888719,59.23875850712672
fedprox,92,68,4633814,1840173,60.28815571794639
fedprox,92,48,4633992,1650761,64.37712883405928
fedprox,93,48,4633992,1689025,63.551404490987466
fedprox,93,13,4634085,1782475,61.535556641710286
fedprox,93,67,4634297,1605631,65.35329954036179
fedprox,93,90,4634735,1320420,71.51034525167026
fedprox,93,53,4633722,1762065,61.973010033834576
fedprox,93,55,4634713,1236333,73.32449711557112
fedprox,93,15,4634000,1744083,62.363336210617184
fedprox,93,81,4634056,1934680,58.250828216145855
fedprox,93,96,4634076,1581313,65.87641203985433
fedprox,93,36,4633890,1710706,63.082723154843976
fedprox,94,34,4634175,1916657,58.64081524758992
fedprox,94,69,4634210,1442125,68.88088800464372
fedprox,94,79,4634416,1820997,60.707088012815426
fedprox,94,33,4633843,1709941,63.09885768680553
fedprox,94,95,4633807,1829585,60.51659035432421
fedprox,94,28,4634002,1785844,61.4621659636746
fedprox,94,86,4634242,1730917,62.64940415282585
fedprox,94,62,4633846,1811070,60.91648276615149
fedprox,94,91,4633909,1958995,57.72478484148049
fedprox,94,75,4634252,1874471,59.55181116607384
fedprox,95,79,4633985,1826060,60.59417542352856
fedprox,95,75,4634145,1841069,60.271657447058736
fedprox,95,51,4634337,1525143,67.0903734450041
fedprox,95,29,4633866,1867811,59.69216632505127
fedprox,95,88,4634119,1971803,57.450315798968475
fedprox,95,7,4634140,1764855,61.9162347274791
fedprox,95,10,4634362,1823853,60.645003562518426
fedprox,95,43,4634430,1648027,64.43948878287082
fedprox,95,70,4634634,1514204,67.3285096514633
fedprox,95,72,4634300,1781288,61.56295449150897
fedprox,96,11,4634148,1741551,62.419176081558035
fedprox,96,74,4634909,1819918,60.73454732336708
fedprox,96,76,4634356,1769792,61.81147930802035
fedprox,96,24,4634084,1799477,61.16865814258007
fedprox,96,96,4634465,1566749,66.19353042907865
fedprox,96,19,4634470,1870598,59.637283227639834
fedprox,96,65,4634154,1818337,60.76226642446496
fedprox,96,80,4636068,835803,81.97172690305663
fedprox,96,78,4635950,713643,84.60632664286716
fedprox,96,88,4634207,1798533,61.19005905433228
fedprox,97,51,4634485,1800457,61.150872211259724
fedprox,97,96,4634675,1463425,68.42443105503622
fedprox,97,59,4634248,1761540,61.98865490150721
fedprox,97,39,4634112,1754241,62.14504526433543
fedprox,97,54,4634506,1711017,63.080919519793476
fedprox,97,4,4634653,1468731,68.30979579269473
fedprox,97,13,4634048,1678994,63.76830796746171
fedprox,97,5,4634826,1710113,63.102973013442146
fedprox,97,52,4634109,1758322,62.056956364211544
fedprox,97,9,4634025,1755705,62.11274216259084
fedprox,98,7,4633732,1778224,61.6243667091666
fedprox,98,22,4634486,1804990,61.05307039442993
fedprox,98,42,4634774,1876214,59.51875970651428
fedprox,98,19,4634518,1769118,61.827357235423406
fedprox,98,41,4634085,1701566,63.281510805261455
fedprox,98,21,4634563,1861267,59.83942822656634
fedprox,98,25,4634742,1890238,59.21589594415395
fedprox,98,17,4634899,832290,82.04297439922638
fedprox,98,49,4634616,1872730,59.592553083146484
fedprox,98,65,4634321,1811566,60.90978592117378
fedprox,99,87,4634479,1880336,59.42724090453317
fedprox,99,34,4634322,1958496,57.73931979694117
fedprox,99,10,4634694,1899257,59.02087602762987
fedprox,99,80,4635168,1011611,78.17531101353823
fedprox,99,60,4634253,1802835,61.09761379018366
fedprox,99,42,4634945,1762315,61.97765022022915
fedprox,99,45,4634495,1811962,60.902708925136395
fedprox,99,65,4634443,1720484,62.876142828814594
fedprox,99,81,4634341,1752848,62.17697402931722
fedprox,99,11,4634481,1571651,66.08787478036915
fedlama,0,77,4622594,823815,82.17851275712295
fedlama,0,69,4621726,1656657,64.15501481481161
fedlama,0,33,4622273,1566297,66.11413908265479
fedlama,0,30,4622363,1639097,64.5398468272613
fedlama,0,56,4622224,1544308,66.58950323480644
fedlama,0,31,4621812,1727130,62.630890222276456
fedlama,0,94,4621797,1556083,66.3316454617111
fedlama,0,22,4622451,981172,78.77377175009535
fedlama,0,16,4622253,1611666,65.13245813243023
fedlama,0,97,4622212,1447971,68.67363504746213
fedlama,1,30,4621931,869292,81.1920169297205
fedlama,1,37,4621959,748125,83.8136816012431
fedlama,1,45,4621672,837801,81.87233970736132
fedlama,1,27,4622108,842358,81.77545829738293
fedlama,1,14,4621718,975878,78.88495144013547
fedlama,1,68,4621674,674969,85.39557311917716
fedlama,1,99,4621951,1040931,77.47853666124976
fedlama,1,11,4621747,1113471,75.9080062149659
fedlama,1,77,4621883,1011513,78.11469913885747
fedlama,1,83,4621804,645952,86.02381234686716
fedlama,2,8,4621983,971265,78.9859677112616
fedlama,2,82,4621772,1107085,76.04630864525555
fedlama,2,2,4621842,1100647,76.18596654753668
fedlama,2,94,4621790,1121128,75.74255861906319
fedlama,2,59,4621990,633242,86.29936455942138
fedlama,2,85,4621784,799025,82.7117623843953
fedlama,2,92,4621862,1082505,76.57859537995726
fedlama,2,78,4621818,775943,83.21130343081445
fedlama,2,90,4622075,483495,89.53943845567196
fedlama,2,99,4621655,1140354,75.32585188639135
fedlama,3,51,4621943,1179401,74.48257150726437
fedlama,3,73,4622013,1132961,75.48771498479125
fedlama,3,22,4621577,1068407,76.88219843572875
fedlama,3,8,4621672,1173480,74.60918905538948
fedlama,3,90,4621878,1066942,76.91540105558823
fedlama,3,84,4621633,1180688,74.45301260398651
fedlama,3,2,4622156,1280949,72.28676401229211
fedlama,3,81,4622148,887605,80.79669885083732
fedlama,3,40,4622045,1119018,75.7895477002063
fedlama,3,14,4621822,1128936,75.57378886508394
fedlama,4,10,4622322,1138744,75.36424333917023
fedlama,4,3,4622217,1134677,75.45167178434072
fedlama,4,97,4621958,1116424,75.84521538274471
fedlama,4,0,4622101,1208533,73.85316763956477
fedlama,4,67,4622103,1028340,77.75168575862546
fedlama,4,80,4622319,515266,88.8526516668365
fedlama,4,40,4622602,819738,82.26674067981625
fedlama,4,65,4621771,1169613,74.69340216120617
fedlama,4,37,4621992,1116378,75.84638831049469
fedlama,4,11,4621813,1122323,75.71682367936565
fedlama,5,83,4621918,943675,79.5826105093167
fedlama,5,10,4622083,1215731,73.69733516252303
fedlama,5,97,4622066,988486,78.61376276323185
fedlama,5,68,4621716,974387,78.91720304752607
fedlama,5,19,4622058,1175375,74.5703104547801
fedlama,5,14,4621480,1035424,77.59540233864477
fedlama,5,87,4622304,1163751,74.82314014828968
fedlama,5,18,4621941,1069306,76.86456837073429
fedlama,5,28,4621700,1067954,76.89261527143691
fedlama,5,23,4622175,1341779,70.97083083180537
fedlama,6,63,4622151,1252950,72.89249096362278
fedlama,6,71,4621921,1102371,76.14907308021924
fedlama,6,46,4622097,1250957,72.93529322296784
fedlama,6,35,4622364,961693,79.19477998703694
fedlama,6,68,4622301,1099065,76.22255668767568
fedlama,6,61,4622340,1209492,73.83377250483521
fedlama,6,0,4621769,1160611,74.88816511599778
fedlama,6,20,4622387,1366714,70.4327223142502
fedlama,6,90,4622072,1209081,73.84114743344543
fedlama,6,4,4622420,1283453,72.23417603765992
fedlama,7,96,4621999,1312005,71.6139055850077
fedlama,7,59,4622353,1180011,74.47163814619957
fedlama,7,92,4622217,1301444,71.84372780421171
fedlama,7,26,4622186,1004398,78.27006528945395
fedlama,7,62,4622169,1287625,72.14240760127983
fedlama,7,77,4622017,1276265,72.38727161756437
fedlama,7,19,4622493,1303907,71.79212602377116
fedlama,7,63,4622036,1307740,71.70640817163691
fedlama,7,39,4622425,1061160,77.04321865687382
fedlama,7,74,4622002,1138271,75.37277136617422
fedlama,8,99,4622378,1340442,71.0010302056647
fedlama,8,12,4621678,1102080,76.15411545330505
fedlama,8,96,4621973,1276094,72.39070847017064
fedlama,8,17,4622320,830851,82.02523840841829
fedlama,8,82,4622161,1016932,77.99877589724807
fedlama,8,37,4622014,1276802,72.3756353831901
fedlama,8,93,4622087,1213490,73.74584251659478
fedlama,8,69,4621928,1208664,73.84935464161276
fedlama,8,86,4622445,1191648,74.2203963486856
fedlama,8,47,4622057,1196515,74.11293283488283
fedlama,9,45,4621464,1320350,71.43004900611581
fedlama,9,14,4622118,1315970,71.52885322270006
fedlama,9,91,4622181,1127987,75.59621745665088
fedlama,9,17,4622531,865464,81.27726996314357
fedlama,9,1,4621863,921345,80.0655060524295
fedlama,9,66,4622450,1276409,72.3867429609839
fedlama,9,54,4622038,1192826,74.19263969703408
fedlama,9,49,4622027,1370331,70.35216367191278
fedlama,9,24,4622227,1352204,70.74561677736727
fedlama,9,60,4621977,1126673,75.62356974082735
fedlama,10,33,4622081,1226491,73.46452820709979
fedlama,10,73,4622191,1251884,72.91578820520398
fedlama,10,59,4622166,1306477,71.73452879018191
fedlama,10,87,4622264,1293830,72.00873857486287
fedlama,10,92,4622145,1294842,71.98612332585846
fedlama,10,94,4622128,1112777,75.92500683667782
fedlama,10,91,4622396,1391497,69.89662936710745
fedlama,10,19,4622365,1339366,71.02422677568734
fedlama,10,50,4621840,1300211,71.8681088051512
fedlama,10,30,4622350,1183793,74.38980172423118
fedlama,11,67,4621935,1309488,71.66797023324646
fedlama,11,23,4622442,1545412,66.56719543479399
fedlama,11,70,4622243,1403743,69.63069661201283
fedlama,11,87,4622503,1329065,71.24793645347553
fedlama,11,28,4621990,1323500,71.36514791247926
fedlama,11,93,4622145,1226067,73.47406885764077
fedlama,11,32,4621787,1166456,74.76179668167313
fedlama,11,17,4622551,1018002,77.97748472650707
fedlama,11,5,4621945,1029199,77.7323399564469
fedlama,11,72,4621734,1342113,70.960834180418
fedlama,12,8,4622029,1195772,74.12885120365968
fedlama,12,14,4621835,1352182,70.74361157419077
fedlama,12,91,4622008,1360765,70.55900811941477
fedlama,12,80,4622679,1136603,75.41246104261187
fedlama,12,98,4622500,666758,85.57581395348836
fedlama,12,51,4622400,1177478,74.52669608861197
fedlama,12,13,4622065,1204454,73.94121458698655
fedlama,12,70,4622367,1120122,75.76735036400181
fedlama,12,4,4621888,1352435,70.73847310882479
fedlama,12,22,4622183,1424691,69.17709662295933
fedlama,13,64,4622017,1107709,76.03407776301991
fedlama,13,16,4622347,1226391,73.46821863438639
fedlama,13,56,4622015,1202450,73.98429040148073
fedlama,13,92,4622539,1356792,70.64833849968599
fedlama,13,1,4622228,1218984,73.6277829652713
fedlama,13,68,4622145,1218577,73.63611483413004
fedlama,13,77,4622122,1227248,73.44838582798117
fedlama,13,43,4622293,1234681,73.28856046122563
fedlama,13,87,4622345,1228987,73.41204518485746
fedlama,13,23,4621934,1283371,72.2330305884939
fedlama,14,51,4622113,1144649,75.23537395126428
fedlama,14,22,4622161,1408327,69.53098345124715
fedlama,14,66,4622215,1386113,70.0119315090276
fedlama,14,40,4621901,1294194,71.99866461873589
fedlama,14,18,4622323,1239842,73.17708000933729
fedlama,14,2,4622441,1330704,71.2120933506777
fedlama,14,87,4622393,1151247,75.0941341422073
fedlama,14,71,4622005,1279092,72.32603599520122
fedlama,14,97,4622040,1213479,73.74581353687981
fedlama,14,99,4622565,1286353,72.17231126009045
fedlama,15,94,4622415,1296329,71.9555903137213
fedlama,15,1,4622283,1264972,72.63317715509847
fedlama,15,71,4622400,1385388,70.02881619937695
fedlama,15,48,4622800,1207839,73.87213377174007
fedlama,15,90,4622374,1358767,70.60456380206361
fedlama,15,24,4622832,1457134,68.47962461106091
fedlama,15,70,4622898,1357938,70.62582821425003
fedlama,15,49,4622336,1447906,68.67588163214444
fedlama,15,80,4622368,849237,81.62766356984126
fedlama,15,29,4622776,843596,81.7513113332768
fedlama,16,60,4622507,1325698,71.32080059586714
fedlama,16,28,4622558,1388763,69.95682909765546
fedlama,16,65,4622224,1245219,73.0601762268553
fedlama,16,29,4622757,1376093,70.23220125998402
fedlama,16,14,4622410,1196680,74.1113401883433
fedlama,16,63,4622484,1476363,68.0612631649996
fedlama,16,40,4622415,1393843,69.84600041320392
fedlama,16,74,4622410,1240056,73.17295523330904
fedlama,16,70,4622733,1250138,72.95673360326023
fedlama,16,83,4622145,1147897,75.16527499678179
fedlama,17,26,4623014,1247837,73.00815009428914
fedlama,17,9,4622331,1404495,69.61500593531706
fedlama,17,10,4622547,1460013,68.41539956218942
fedlama,17,32,4622263,1235045,73.28051216471239
fedlama,17,23,4622431,1558810,66.27726838972826
fedlama,17,85,4622631,1425630,69.15977070200931
fedlama,17,53,4622361,1454005,68.5441054906789
fedlama,17,35,4622662,1340379,71.00417465088297
fedlama,17,82,4622781,1404191,69.62453986031352
fedlama,17,61,4622565,1283453,72.23504699230838
fedlama,18,75,4621900,1293652,72.01038533936259
fedlama,18,80,4622367,1142845,75.27576239619225
fedlama,18,32,4621893,1018580,77.96184377267063
fedlama,18,25,4622301,1475594,68.07663542465106
fedlama,18,21,4622217,1235391,73.27276066874401
fedlama,18,16,4622238,1350174,70.78960451625382
fedlama,18,77,4622186,1450931,68.60941987189611
fedlama,18,24,4622339,1272774,72.46471970143254
fedlama,18,73,4622655,1266512,72.60206526336056
fedlama,18,17,4622572,890993,80.72516772048115
fedlama,19,80,4622873,704514,84.76025623027066
fedlama,19,6,4622416,978998,78.8206427115171
fedlama,19,55,4622681,1254890,72.85363190754457
fedlama,19,27,4622033,1290031,72.08953289602216
fedlama,19,52,4622214,1217252,73.66517430824275
fedlama,19,3,4622490,1215320,73.70854236569468
fedlama,19,53,4622089,1362388,70.52441006653052
fedlama,19,60,4622473,1279402,72.322131465127
fedlama,19,93,4622494,1323420,71.37000069659365
fedlama,19,49,4622320,1317438,71.49833849668565
fedlama,20,83,4622839,1344241,70.92174311067289
fedlama,20,98,4623055,1340369,71.00685585613842
fedlama,20,95,4622618,1334549,71.13001766531433
fedlama,20,12,4622128,1402217,69.66295611025916
fedlama,20,91,4622456,1370120,70.35947989553605
fedlama,20,39,4622691,1299638,71.88568303613631
fedlama,20,41,4622831,1266532,72.60267571970509
fedlama,20,29,4622673,1251735,72.92183548349624
fedlama,20,49,4622538,1371944,70.32054685110214
fedlama,20,54,4622834,1409964,69.50000800374835
fedlama,21,41,4622729,1482936,67.92076714858257
fedlama,21,28,4622910,1415922,69.37162955800567
fedlama,21,97,4622769,1337749,71.06173810545151
fedlama,21,76,4622724,1286142,72.17783281026512
fedlama,21,61,4622837,1328976,71.25193901493823
fedlama,21,7,4622827,1199410,74.05462068989387
fedlama,21,91,4622644,1502939,67.48745955777689
fedlama,21,33,4622403,1394052,69.84140067406499
fedlama,21,20,4622975,1316869,71.51468480794294
fedlama,21,22,4622510,1475946,68.07046388217657
fedlama,22,95,4622324,1341683,70.97384346056226
fedlama,22,43,4622750,1368156,70.4038505218755
fedlama,22,55,4622762,1105336,76.08927303633628
fedlama,22,35,4622607,1272793,72.46590506179737
fedlama,22,50,4622739,1227757,73.44091890111035
fedlama,22,81,4622411,1163475,74.8296938545707
fedlama,22,23,4622446,1495643,67.64390541284853
fedlama,22,98,4622435,1378924,70.1688828507053
fedlama,22,40,4622733,1436179,68.93225284696305
fedlama,22,93,4622618,1392902,69.8676810413493
fedlama,23,45,4622717,1289619,72.10257517386421
fedlama,23,5,4622528,1161085,74.88203424619601
fedlama,23,17,4623103,596618,87.09485815046733
fedlama,23,98,4622757,1140731,75.32357854847227
fedlama,23,99,4622351,1340900,70.99095243957025
fedlama,23,29,4622866,1291616,72.06027602790131
fedlama,23,44,4622439,1185294,74.3578227857631
fedlama,23,46,4622928,1249196,72.97825101321067
fedlama,23,27,4622333,1447747,68.67930112348029
fedlama,23,60,4622500,1306041,71.7460032449973
fedlama,24,85,4622584,1387227,69.99022624575346
fedlama,24,69,4622903,1181409,74.44443459012659
fedlama,24,37,4622928,1073904,76.77004703512578
fedlama,24,31,4622539,1203853,73.95688819499414
fedlama,24,15,4622958,1415443,69.38230890265497
fedlama,24,25,4622327,1458437,68.44799167172725
fedlama,24,32,4622649,1173414,74.61598317328442
fedlama,24,48,4622795,1396867,69.78306414193145
fedlama,24,9,4622294,1276106,72.39236621469772
fedlama,24,83,4622551,1354149,70.70559091722298
fedlama,25,73,4622839,1532804,66.8427994139532
fedlama,25,16,4622780,1475605,68.0797052855641
fedlama,25,62,4622717,1508511,67.36743780767891
fedlama,25,42,4622638,1392527,69.87592366090531
fedlama,25,90,4622942,1351320,70.76926338249538
fedlama,25,49,4622967,1403971,69.63052083218417
fedlama,25,68,4622819,1436349,68.92915340185284
fedlama,25,1,4622786,1277296,72.36956242404472
fedlama,25,47,4622756,1289459,72.1062716699735
fedlama,25,20,4622653,1403558,69.63739220746182
fedlama,26,81,4622742,1302906,71.81529923149508
fedlama,26,28,4622549,1283486,72.23423699781225
fedlama,26,89,4622927,1369489,70.37614913668332
fedlama,26,18,4622592,1399290,69.72932069280611
fedlama,26,37,4622729,1601208,65.36227842904051
fedlama,26,1,4622861,1203518,73.96594879231714
fedlama,26,29,4622904,1415389,69.3831193552797
fedlama,26,61,4622905,1407447,69.55492271634394
fedlama,26,0,4622436,1394793,69.82558547051813
fedlama,26,62,4622739,1397661,69.76552212876392
fedlama,27,50,4623425,1488843,67.79783385693506
fedlama,27,24,4622865,1454386,68.5392932737599
fedlama,27,39,4622717,1294542,71.9960793619856
fedlama,27,25,4622918,1492471,67.71582364212388
fedlama,27,93,4622725,1505361,67.43563590739228
fedlama,27,22,4622812,1470424,68.19200088604079
fedlama,27,32,4622304,1282121,72.26229603245481
fedlama,27,56,4622763,1449664,68.64074580505208
fedlama,27,20,4622708,1284151,72.22080650562397
fedlama,27,59,4622721,1466504,68.27617327543669
fedlama,28,11,4622331,1066414,76.92908621212977
fedlama,28,72,4622482,1415516,69.37757680830342
fedlama,28,44,4622816,1184469,74.37776022234065
fedlama,28,42,4622535,1298427,71.91093198861664
fedlama,28,0,4622562,1434986,68.9569117731682
fedlama,28,13,4622849,1308029,71.70513248431864
fedlama,28,56,4622705,1513536,67.25865050873894
fedlama,28,73,4622727,1511763,67.29716031251684
fedlama,28,62,4622933,1517420,67.17624936376971
fedlama,28,82,4622765,1383019,70.08242902245733
fedlama,29,23,4623322,1591957,65.56681537647606
fedlama,29,9,4622930,1392542,69.8775019305938
fedlama,29,63,4622839,1490937,67.7484550078426
fedlama,29,79,4622643,1401656,69.67847181796215
fedlama,29,4,4622782,1355317,70.68178858531508
fedlama,29,50,4623104,1423382,69.21155137327648
fedlama,29,91,4622934,1334156,71.1404921636346
fedlama,29,52,4622880,1429060,69.08723566261725
fedlama,29,51,4622537,1320996,71.42270575660076
fedlama,29,82,4622948,1422244,69.23512875334094
fedlama,30,60,4623243,1337436,71.07147515283103
fedlama,30,57,4622970,1553446,66.39722948667199
fedlama,30,88,4622889,1438536,68.88231579862722
fedlama,30,36,4622982,1230695,73.37876288508154
fedlama,30,39,4623073,1328345,71.26705548452296
fedlama,30,58,4623101,1569811,66.044198471978
fedlama,30,73,4622865,1430369,69.05881958482456
fedlama,30,1,4623191,1463869,68.33639362942175
fedlama,30,94,4622871,1329203,71.24724008089345
fedlama,30,90,4622775,1174086,74.60213832600549
fedlama,31,43,4622988,1511183,67.31155261488891
fedlama,31,71,4623368,1391788,69.89666407692401
fedlama,31,11,4623116,1598188,65.43050185199766
fedlama,31,21,4623002,1519950,67.12201292580016
fedlama,31,6,4623223,1396037,69.80381435202239
fedlama,31,97,4623005,1407066,69.56382266512799
fedlama,31,96,4623208,1316336,71.52764919943036
fedlama,31,92,4623051,1480297,67.98008501312229
fedlama,31,46,4623063,1376749,70.2199818605111
fedlama,31,17,4623515,1060234,77.06865880179906
fedlama,32,14,4623480,887912,80.79559119970239
fedlama,32,93,4622560,1407095,69.56026530753522
fedlama,32,19,4623124,1596701,65.46272607007728
fedlama,32,74,4623086,1281424,72.28206440459901
fedlama,32,61,4623211,1382216,70.1026840436225
fedlama,32,37,4623294,1526389,66.98481645337718
fedlama,32,1,4623022,1451371,68.6055787750956
fedlama,32,42,4623000,1582688,65.76491455764655
fedlama,32,71,4623019,1507690,67.38732849681128
fedlama,32,12,4622837,1434950,68.95953718463359
fedlama,33,27,4622970,1243028,73.11191723069801
fedlama,33,72,4623107,1471778,68.16474288827838
fedlama,33,40,4622851,1423476,69.20783300175583
fedlama,33,75,4623171,1288031,72.13966344744765
fedlama,33,69,4622872,1427903,69.11220989895459
fedlama,33,90,4623063,1241461,73.14635340249527
fedlama,33,63,4623139,1543193,66.62023356857753
fedlama,33,2,4623125,1536280,66.76966337704475
fedlama,33,71,4622914,1305437,71.76159885301782
fedlama,33,22,4622972,1276487,72.38817366836744
fedlama,34,87,4623154,1518462,67.1552797073167
fedlama,34,34,4623589,1561732,66.22251675051567
fedlama,34,99,4623031,1292554,72.04098350194926
fedlama,34,9,4623087,1316851,71.51576425016445
fedlama,34,42,4623142,1535285,66.79130772967821
fedlama,34,78,4623695,721452,84.3966351586772
fedlama,34,31,4622784,601678,86.98450976727445
fedlama,34,70,4623174,1288659,72.12609778476863
fedlama,34,92,4622723,1463547,68.34015362806727
fedlama,34,46,4623203,1559453,66.26899143299569
fedlama,35,52,4623132,1361283,70.55496144172393
fedlama,35,58,4622990,1451712,68.5979852865786
fedlama,35,45,4623279,1479309,68.00303421013527
fedlama,35,79,4623167,1449580,68.6453031006667
fedlama,35,29,4623481,1542231,66.64350951155633
fedlama,35,33,4622992,1386051,70.01831281559647
fedlama,35,87,4623124,1487748,67.81942253766069
fedlama,35,49,4623383,1650620,64.29843688052665
fedlama,35,20,4623488,1558693,66.28750847844745
fedlama,35,0,4623212,1485749,67.86327341251062
fedlama,36,35,4623133,1432326,69.01828262349363
fedlama,36,74,4623336,1446073,68.7223035487795
fedlama,36,89,4622903,1540314,66.68080641103653
fedlama,36,48,4623123,1475265,68.08942786077723
fedlama,36,51,4622972,1391734,69.89525352954766
fedlama,36,88,4623296,1417754,69.33456131729399
fedlama,36,13,4623175,1426513,69.14430018331558
fedlama,36,18,4623358,1580844,65.80744990978418
fedlama,36,23,4623583,1639699,64.53618330199761
fedlama,36,7,4623228,1520454,67.1127186459331
fedlama,37,29,4623379,1310358,71.65800164771264
fedlama,37,39,4623384,1502878,67.49398276240952
fedlama,37,12,4623139,1487204,67.83129384602107
fedlama,37,18,4623182,1420928,69.26515114481757
fedlama,37,99,4623520,1516006,67.21099941170363
fedlama,37,58,4623274,1439669,68.86040065979218
fedlama,37,15,4623092,1541641,66.65346482397496
fedlama,37,27,4622927,1405492,69.5973568260974
fedlama,37,16,4623433,1622863,64.8991777322176
fedlama,37,79,4623290,1487024,67.83623783063575
fedlama,38,2,4623158,1602667,65.33393407709622
fedlama,38,13,4623430,1518267,67.1614580517062
fedlama,38,39,4623558,1388908,69.96019083139002
fedlama,38,66,4622875,1384974,70.04085120190358
fedlama,38,3,4622844,1374753,70.2617479629423
fedlama,38,74,4623366,1477262,68.04791141345937
fedlama,38,63,4623228,1537358,66.74708666758377
fedlama,38,22,4623145,1499243,67.57092844805864
fedlama,38,14,4623141,1556899,66.32378289998077
fedlama,38,80,4624070,916452,80.18083636277133
fedlama,39,91,4623446,1224146,73.5230821339754
fedlama,39,90,4623016,1175213,74.57908430340713
fedlama,39,59,4623213,1344854,70.91083625175824
fedlama,39,16,4623333,1522563,67.06784910366612
fedlama,39,27,4623149,1441876,68.81182068758763
fedlama,39,84,4622978,1621253,64.93054909627517
fedlama,39,73,4623272,1536053,66.7756299002092
fedlama,39,92,4623666,1442928,68.7925555176347
fedlama,39,7,4622794,1338601,71.0434641907037
fedlama,39,79,4623010,1423500,69.2083728999072
fedlama,40,54,4623559,1440548,68.84330880172611
fedlama,40,31,4623495,1476327,68.06902570458062
fedlama,40,0,4623114,1525045,67.01260232821427
fedlama,40,27,4623435,1459998,68.42179029228268
fedlama,40,14,4623397,1626177,64.82722552270549
fedlama,40,83,4623491,1577808,65.87409816521759
fedlama,40,41,4623486,1582968,65.76245715894889
fedlama,40,65,4623455,1258197,72.78664981058537
fedlama,40,17,4623570,957665,79.28732559472442
fedlama,40,11,4623792,673507,85.43388197392963
fedlama,41,88,4623392,1453430,68.56355679985604
fedlama,41,56,4623634,1535405,66.79224609906407
fedlama,41,87,4623762,1693002,63.38475033965849
fedlama,41,99,4623703,1602662,65.33812833566516
fedlama,41,4,4623530,1629385,64.75885308411539
fedlama,41,33,4622821,1418439,69.31659261736502
fedlama,41,75,4623454,1283845,72.23190714128442
fedlama,41,70,4623642,1210912,73.81042909464011
fedlama,41,17,4624384,744820,83.89363859056688
fedlama,41,24,4623689,1007277,78.214862634576
fedlama,42,25,4623568,1419537,69.29780204378956
fedlama,42,41,4623422,1336173,71.09991257557714
fedlama,42,91,4623144,1503291,67.48336197185291
fedlama,42,73,4623344,1476568,68.06277015078264
fedlama,42,86,4623337,1483437,67.91414945525278
fedlama,42,2,4623658,1371476,70.33785803361754
fedlama,42,88,4623328,1273461,72.45575048969056
fedlama,42,78,4624365,492718,89.34517495915657
fedlama,42,46,4623755,1126255,75.64198362586254
fedlama,42,87,4623588,1487506,67.82788604867042
fedlama,43,26,4623412,1430442,69.06090134299086
fedlama,43,65,4623060,1445728,68.72789883756646
fedlama,43,43,4623387,1627644,64.79541946196588
fedlama,43,40,4623505,1425171,69.17552808962031
fedlama,43,12,4623392,1476100,68.07322416096234
fedlama,43,90,4623229,1306474,71.74109264325864
fedlama,43,36,4623573,1031561,77.68909455955384
fedlama,43,44,4623841,1375189,70.25873078248149
fedlama,43,57,4623665,1439823,68.85970328732726
fedlama,43,82,4623608,1318419,71.48506101728347
fedlama,44,73,4623945,1589897,65.61600538068684
fedlama,44,57,4623388,1488285,67.80964522121008
fedlama,44,32,4623264,1416517,69.3611050547838
fedlama,44,47,4623128,1502695,67.49614114080337
fedlama,44,69,4623161,1560459,66.24692499352716
fedlama,44,89,4623561,1601835,65.35495043755235
fedlama,44,31,4623649,1550994,66.4551958853278
fedlama,44,45,4623202,1625324,64.8441924017164
fedlama,44,67,4623354,1446842,68.7057923749728
fedlama,44,93,4623607,1377073,70.21647817385863
fedlama,45,81,4623365,1419696,69.29301493609093
fedlama,45,78,4624091,744096,83.90827516153986
fedlama,45,94,4623543,1015725,78.03145769380754
fedlama,45,64,4623698,1331654,71.19937331547173
fedlama,45,74,4623473,1583473,65.75143836678619
fedlama,45,89,4623855,1536776,66.76418270036581
fedlama,45,4,4623483,1499735,67.5626578490718
fedlama,45,97,4623667,1628277,64.78386094846364
fedlama,45,36,4623098,1323385,71.3744982260813
fedlama,45,22,4623557,1522762,67.06514054006472
fedlama,46,95,4623581,1569079,66.06355549951434
fedlama,46,18,4623474,1373403,70.294998955331
fedlama,46,88,4623721,1474092,68.1189241305866
fedlama,46,24,4623713,1552566,66.42166155209028
fedlama,46,55,4623772,1260963,72.72869423492334
fedlama,46,61,4623346,1469319,68.21957517347825
fedlama,46,57,4623517,1616769,65.03161986859787
fedlama,46,42,4623806,1629878,64.75029445439536
fedlama,46,87,4623690,1611001,65.15767709340375
fedlama,46,93,4623886,1585551,65.70955685326152
fedlama,47,87,4623792,1699770,63.23861453975439
fedlama,47,52,4623550,1506608,67.41447588973841
fedlama,47,85,4623518,1618560,64.99289069492104
fedlama,47,84,4623963,1587207,65.67431443547451
fedlama,47,48,4623855,1340607,71.00672490811239
fedlama,47,12,4623548,1572367,65.99219906444142
fedlama,47,13,4623722,1504728,67.45634793787343
fedlama,47,91,4623922,1608527,65.21292962986833
fedlama,47,44,4623754,1421672,69.25286250090295
fedlama,47,28,4623124,1512189,67.29075404423503
fedlama,48,49,4623441,1605099,65.28345446605677
fedlama,48,95,4623642,1442725,68.7967840070663
fedlama,48,26,4623636,1526924,66.97568753249608
fedlama,48,64,4623557,1484938,67.88321199457474
fedlama,48,91,4623737,1515748,67.21811815853714
fedlama,48,32,4623334,1473519,68.12864915232169
fedlama,48,71,4623428,1572783,65.98231874704223
fedlama,48,3,4623669,1591026,65.58953506403681
fedlama,48,43,4623829,1529056,66.9309570055467
fedlama,48,68,4623843,1513414,67.26934716425276
fedlama,49,65,4623417,1502895,67.4938470832287
fedlama,49,70,4623913,1239129,73.20172330231992
fedlama,49,50,4623834,1548084,66.51947280114294
fedlama,49,53,4623917,1601696,65.36062390393253
fedlama,49,48,4623738,1435199,68.96020059960144
fedlama,49,88,4623592,1463319,68.35103529896236
fedlama,49,21,4623481,1445672,68.73195758780018
fedlama,49,8,4623377,1570092,66.0401477102127
fedlama,49,81,4623460,1452322,68.5879838908523
fedlama,49,85,4624009,1582940,65.76693514221101
fedlama,50,66,4623631,1635774,64.62144146018574
fedlama,50,14,4624195,1513962,67.25998795466022
fedlama,50,82,4624083,1558842,66.28862414450606
fedlama,50,80,4624554,876691,81.04269081948226
fedlama,50,5,4624518,1085147,76.53491671996953
fedlama,50,19,4624185,1611405,65.15267014619874
fedlama,50,27,4623796,1463323,68.35234512941315
fedlama,50,20,4623693,1482883,67.9286016610532
fedlama,50,32,4623551,1512279,67.29182829388061
fedlama,50,87,4624410,1602451,65.34799033822694
fedlama,51,41,4624030,1632376,64.69797990064943
fedlama,51,92,4623624,1497791,67.60569198533445
fedlama,51,17,4624345,878481,81.00312584809308
fedlama,51,97,4624180,930301,79.88181688429083
fedlama,51,21,4623595,1521515,67.0923815775387
fedlama,51,79,4623948,1678248,63.70530118418287
fedlama,51,52,4623779,1475301,68.09317659862204
fedlama,51,46,4623979,1589214,65.63102903365261
fedlama,51,49,4624035,1499518,67.57122296868428
fedlama,51,67,4624228,1578453,65.86558880747229
fedlama,52,87,4624004,1558706,66.29098936765625
fedlama,52,86,4623933,1653490,64.2406150781164
fedlama,52,24,4623985,1640700,64.51761846113256
fedlama,52,42,4624039,1513522,67.26839890407499
fedlama,52,22,4624130,1599828,65.40261627592649
fedlama,52,43,4623951,1549337,66.49322192211812
fedlama,52,68,4624152,1572927,65.9845307853202
fedlama,52,38,4624204,961043,79.2171149888716
fedlama,52,71,4624229,790907,82.89645690124775
fedlama,52,72,4623600,1490224,67.76918418548317
fedlama,53,71,4623563,1568579,66.07423755229462
fedlama,53,82,4623589,1568628,66.07336854551735
fedlama,53,50,4624504,1569962,66.05123490000224
fedlama,53,6,4623606,1486651,67.84650335690368
fedlama,53,48,4624334,1638348,64.57115770616915
fedlama,53,83,4624179,1586880,65.68298934794696
fedlama,53,30,4623821,1492913,67.71256932307716
fedlama,53,33,4623884,1568115,66.08662760570982
fedlama,53,53,4623657,1639438,64.54239577027448
fedlama,53,69,4623784,1326702,71.30700742076186
fedlama,54,46,4623717,1443917,68.77151002105016
fedlama,54,11,4624007,1586856,65.68223188243442
fedlama,54,24,4623669,1529907,66.9114073693424
fedlama,54,89,4623829,1616085,65.0487723486314
fedlama,54,72,4623769,1511493,67.31036952754343
fedlama,54,44,4624303,1433357,69.00382609011564
fedlama,54,83,4624119,1572986,65.9830121153889
fedlama,54,41,4624022,1450715,68.62655497746334
fedlama,54,6,4623743,1492584,67.7191400992659
fedlama,54,19,4624263,1615033,65.07480219010034
fedlama,55,65,4624087,1629467,64.76132477611256
fedlama,55,79,4623945,1644147,64.44276478202055
fedlama,55,51,4624317,1599747,65.40576694893538
fedlama,55,25,4624334,1585503,65.71391685808162
fedlama,55,68,4624335,1395698,69.81840632220633
fedlama,55,97,4624437,1557321,66.32409523580924
fedlama,55,28,4624413,1500823,67.54565390245205
fedlama,55,98,4624302,1577860,65.87895859742726
fedlama,55,44,4624144,1525684,67.00613129694923
fedlama,55,59,4624388,1510999,67.32542771065057
fedlama,56,27,4623939,1542036,66.65103064724687
fedlama,56,56,4624202,1533958,66.82761695963974
fedlama,56,16,4624293,1621924,64.92601139244421
fedlama,56,26,4624776,1516597,67.20712527482412
fedlama,56,97,4624257,1732159,62.541895919712076
fedlama,56,9,4624673,1492449,67.7285507537506
fedlama,56,22,4624341,1718295,62.84238121712911
fedlama,56,62,4623818,1612561,65.1249032725769
fedlama,56,50,4624363,1515858,67.22017713574822
fedlama,56,57,4623963,1497781,67.6082831977678
fedlama,57,80,4624699,999127,78.39584803248817
fedlama,57,88,4624335,751042,83.75891884995357
fedlama,57,50,4624282,1474205,68.1203481967579
fedlama,57,75,4623897,1517094,67.19014286001612
fedlama,57,60,4624175,1709439,63.032562565214334
fedlama,57,0,4624449,1491689,67.74342197308263
fedlama,57,21,4624494,1574200,65.95951903062259
fedlama,57,79,4624407,1668638,63.916714078150996
fedlama,57,57,4624278,1580880,65.8134740169168
fedlama,57,23,4624627,1695973,63.327355914325636
fedlama,58,12,4623679,1542064,66.64854978038052
fedlama,58,96,4624243,1519162,67.1478769606182
fedlama,58,22,4623987,1452198,68.59424561530992
fedlama,58,69,4623907,1409067,69.52648485360973
fedlama,58,48,4624315,1642900,64.4725759382741
fedlama,58,37,4624204,1544279,66.60443613646802
fedlama,58,64,4623650,1605470,65.27699977290669
fedlama,58,7,4624208,1581327,65.80328999041566
fedlama,58,88,4623913,1305763,71.76064947588763
fedlama,58,9,4624317,1637898,64.58075862878778
fedlama,59,50,4624467,1515376,67.23133714652954
fedlama,59,87,4624224,1507113,67.40830461500136
fedlama,59,71,4624305,1623993,64.88136055039621
fedlama,59,74,4624361,1522355,67.0796678719503
fedlama,59,94,4623999,1531717,66.87462518914904
fedlama,59,43,4624213,1543044,66.63120838075582
fedlama,59,33,4624181,1463171,68.35826711800425
fedlama,59,23,4624405,1670847,63.86893016506989
fedlama,59,7,4624038,1677587,63.72030247156273
fedlama,59,51,4624193,1490947,67.75768225936936
fedlama,60,70,4624489,1366199,70.45729809282713
fedlama,60,62,4624683,1495846,67.65516685143609
fedlama,60,15,4624328,1495529,67.6595388562403
fedlama,60,68,4624571,1644290,64.44448576959896
fedlama,60,1,4624382,1522854,67.06902673697805
fedlama,60,21,4624405,1564910,66.15975460626827
fedlama,60,73,4624569,1587780,65.66642210333546
fedlama,60,63,4624673,1560701,66.25272749013821
fedlama,60,27,4624469,1438934,68.88434109948624
fedlama,60,50,4624593,1483015,67.93198882582749
fedlama,61,3,4624155,1409989,69.50818041350257
fedlama,61,41,4624529,1674260,63.796096856566365
fedlama,61,13,4624390,1516432,67.20795607636899
fedlama,61,94,4624206,1648045,64.3604761552578
fedlama,61,72,4624151,1651161,64.29266691334257
fedlama,61,12,4624406,1491166,67.7544315961877
fedlama,61,83,4624033,1629561,64.75888039726361
fedlama,61,74,4624638,1564355,66.1734604957188
fedlama,61,4,4624628,1478957,68.01997912048276
fedlama,61,95,4624421,1564963,66.15872560045895
fedlama,62,57,4624888,1592962,65.55674429305098
fedlama,62,59,4624340,1612858,65.12241746930373
fedlama,62,80,4625156,678611,85.3278246182399
fedlama,62,27,4624973,696163,84.94773915436912
fedlama,62,61,4624402,1365107,70.48035616280764
fedlama,62,88,4624501,1618121,65.00982484380478
fedlama,62,11,4624632,1720864,62.78916895441626
fedlama,62,9,4624326,1494344,67.6851502251355
fedlama,62,72,4624463,1622701,64.91049879737388
fedlama,62,75,4624098,1475462,68.09189597625308
fedlama,63,54,4624516,1586069,65.70302708434785
fedlama,63,24,4624909,1672838,63.82981805696068
fedlama,63,74,4624952,1650795,64.30676469723362
fedlama,63,58,4624345,1636337,64.6147292211113
fedlama,63,41,4624686,1701455,63.20928599260577
fedlama,63,21,4624028,1484864,67.88808372267641
fedlama,63,46,4624654,1576863,65.90311404918077
fedlama,63,7,4624233,1556461,66.34120728778157
fedlama,63,69,4624408,1523905,67.04648465273826
fedlama,63,81,4624420,1343284,70.95237889292063
fedlama,64,16,4624270,1463800,68.34527395675426
fedlama,64,19,4624560,1619542,64.9795439998616
fedlama,64,78,4625009,929654,79.89941208763052
fedlama,64,95,4624200,1068570,76.89178668742701
fedlama,64,31,4624393,1471280,68.18436495341118
fedlama,64,11,4624320,1577930,65.87757767628537
fedlama,64,21,4624674,1600132,65.40011252685053
fedlama,64,3,4624330,1664298,64.00996468677624
fedlama,64,12,4624407,1619430,64.98080726891038
fedlama,64,34,4624291,1618597,64.99794238727623
fedlama,65,50,4624989,1488232,67.82193427919503
fedlama,65,81,4624914,1472553,68.16042417221165
fedlama,65,64,4624709,1667654,63.940347381856895
fedlama,65,90,4625038,1568829,66.07965166988899
fedlama,65,76,4624582,1128395,75.60006504371638
fedlama,65,98,4624816,1713365,62.952796392332154
fedlama,65,9,4624963,1627223,64.81651853214827
fedlama,65,10,4624792,1614272,65.0952518513265
fedlama,65,41,4624500,1637185,64.59757811655314
fedlama,65,3,4624946,1522296,67.0851075882832
fedlama,66,94,4624522,1652818,64.25970078637316
fedlama,66,27,4624697,1622647,64.9134418968421
fedlama,66,81,4624880,1539097,66.72136358132535
fedlama,66,46,4624932,1666013,63.97756767018412
fedlama,66,25,4624934,1699174,63.2605784212272
fedlama,66,92,4624355,1618413,65.00240574090873
fedlama,66,7,4624523,1567155,66.11207253158867
fedlama,66,20,4624595,1582417,65.78258204231938
fedlama,66,93,4624360,1491020,67.75726803276562
fedlama,66,86,4624804,1605464,65.28579373309657
fedlama,67,43,4625136,1475727,68.0933274178316
fedlama,67,52,4624781,1328544,71.2733640792937
fedlama,67,14,4625055,1482256,67.95160273769719
fedlama,67,86,4624532,1543647,66.62047100117374
fedlama,67,31,4624348,1670941,63.86645209227333
fedlama,67,84,4624593,1652874,64.25903857917875
fedlama,67,13,4624518,1511205,67.32189170849804
fedlama,67,95,4624852,1612140,65.14180345662953
fedlama,67,8,4624927,1594448,65.52490450119537
fedlama,67,36,4624760,1535058,66.80783435248532
fedlama,68,70,4624648,1537452,66.75526440066358
fedlama,68,78,4625126,1081804,76.6102804550622
fedlama,68,86,4624995,1483013,67.93481938899393
fedlama,68,85,4624711,1723850,62.725238398680474
fedlama,68,57,4625106,1613609,65.11195635300034
fedlama,68,97,4624817,1627050,64.8191485198225
fedlama,68,25,4625081,1529773,66.92440629688431
fedlama,68,14,4624729,1535989,66.78748095293801
fedlama,68,29,4624442,1672371,63.83626392113902
fedlama,68,15,4624701,1612599,65.13074034407846
fedlama,69,46,4624822,1673610,63.81244510599543
fedlama,69,79,4624749,1627945,64.79927883653794
fedlama,69,47,4624551,1661409,64.0741555234227
fedlama,69,49,4624554,1613268,65.11516570030321
fedlama,69,65,4624516,1623428,64.89518038211999
fedlama,69,4,4624524,1680033,63.671223243732754
fedlama,69,96,4624727,1639176,64.55626461843045
fedlama,69,54,4624354,1523177,67.06184258385063
fedlama,69,41,4624827,1711202,62.99965382488901
fedlama,69,53,4624690,1575284,65.93752229879192
fedlama,70,30,4625136,1581296,65.81082156286864
fedlama,70,15,4624861,1632443,64.7028743134118
fedlama,70,43,4624896,1549595,66.4944898220414
fedlama,70,88,4625192,1409094,69.53436743815176
fedlama,70,95,4625221,1480331,67.99437259322312
fedlama,70,3,4624643,1625132,64.85929832854124
fedlama,70,59,4624824,1675814,63.764804887710326
fedlama,70,45,4625043,1472503,68.16239330099201
fedlama,70,9,4625221,1410766,69.49840883278875
fedlama,70,89,4625372,1801104,61.06034282215571
fedlama,71,9,4625038,1572969,65.9901388918318
fedlama,71,25,4625236,1591976,65.58065361421558
fedlama,71,33,4625015,1522352,67.08438783441784
fedlama,71,91,4625010,1495246,67.67042665853695
fedlama,71,83,4624972,1589919,65.62316485375479
fedlama,71,56,4624774,1665899,63.978801991189194
fedlama,71,36,4624999,1367708,70.42792874117379
fedlama,71,93,4625164,1749359,62.17736279189236
fedlama,71,39,4624400,1699815,63.242474699420455
fedlama,71,5,4625019,1525556,67.01514091077247
fedlama,72,8,4624648,1466479,68.28993255270454
fedlama,72,7,4624824,1563763,66.18762141002554
fedlama,72,47,4624959,1547217,66.54636289748731
fedlama,72,66,4624908,1753497,62.085797166127406
fedlama,72,28,4625144,1674468,63.79641369003862
fedlama,72,23,4625141,1707745,63.07690943908521
fedlama,72,51,4625021,1600942,65.3851950077632
fedlama,72,31,4624759,1463759,68.34950750947239
fedlama,72,17,4625515,821911,82.23092996131241
fedlama,72,63,4625059,868176,81.22886648581131
fedlama,73,87,4625118,1616636,65.0465998921541
fedlama,73,18,4624995,1515411,67.23432133440144
fedlama,73,79,4625254,1621878,64.93429333826856
fedlama,73,9,4625013,1628642,64.78621789819834
fedlama,73,81,4624686,1405003,69.6194941667391
fedlama,73,16,4624772,1505588,67.44514107938726
fedlama,73,27,4624999,1581614,65.80293314658014
fedlama,73,26,4624809,1504356,67.47204046696848
fedlama,73,41,4625111,1514513,67.25455886356025
fedlama,73,50,4625256,1667856,63.94024460483917
fedlama,74,8,4624622,1479780,68.0021415804362
fedlama,74,90,4625028,1472065,68.17176025745142
fedlama,74,55,4625447,1440535,68.85630729311134
fedlama,74,66,4625152,1626023,64.84390134637738
fedlama,74,19,4625513,1732704,62.5402847208515
fedlama,74,63,4624733,1569672,66.05918655195879
fedlama,74,70,4625184,1631604,64.72347910915543
fedlama,74,9,4625110,1492181,67.737394353864
fedlama,74,29,4625087,1580288,65.83225353382542
fedlama,74,7,4624336,1532741,66.85489549202308
fedlama,75,5,4625689,1354574,70.71627599693797
fedlama,75,98,4625491,1662162,64.06517708066019
fedlama,75,48,4625402,1609620,65.20043014639593
fedlama,75,95,4624842,1498189,67.60561766218176
fedlama,75,52,4625092,1481595,67.96615072738012
fedlama,75,12,4625212,1594870,65.51790490900741
fedlama,75,33,4624929,1500618,67.55370731096629
fedlama,75,56,4625110,1692547,63.40525955058366
fedlama,75,44,4625326,1614290,65.09889248887536
fedlama,75,65,4625298,1630786,64.74203391867941
fedlama,76,76,4625382,1506573,67.42813890831071
fedlama,76,66,4625325,1564498,66.17539308048623
fedlama,76,1,4624917,1630776,64.73934559258036
fedlama,76,71,4625276,1610047,65.19025026830832
fedlama,76,28,4625134,1661599,64.07457600147369
fedlama,76,83,4624941,1585354,65.72163839495467
fedlama,76,41,4625072,1609825,65.19351482528273
fedlama,76,61,4625418,1528485,66.9546622597136
fedlama,76,95,4625379,1511101,67.33022310171772
fedlama,76,98,4625408,1566120,66.14093286473323
fedlama,77,11,4625584,1698495,63.280420375027234
fedlama,77,77,4625343,1584795,65.73670320233549
fedlama,77,93,4625122,1656518,64.184339353643
fedlama,77,60,4624981,1675933,63.76346194719502
fedlama,77,47,4625522,1617486,65.03127646998544
fedlama,77,23,4625494,1814316,60.77573552143836
fedlama,77,12,4625486,1545927,66.57806336458482
fedlama,77,4,4625147,1688968,63.4829336235151
fedlama,77,81,4625361,1435934,68.95520155075462
fedlama,77,27,4625199,1607045,65.25457607337543
fedlama,78,21,4625279,1562784,66.21211390707458
fedlama,78,73,4625173,1602209,65.35893900617339
fedlama,78,83,4625090,1665392,63.99222501616184
fedlama,78,82,4625578,1579715,65.84826804347479
fedlama,78,59,4625187,1646859,64.39367748806697
fedlama,78,80,4626104,493668,89.32864457867787
fedlama,78,88,4625230,1337598,71.08040032603785
fedlama,78,93,4625563,1592418,65.57353126527516
fedlama,78,56,4625609,1658115,64.15358496578504
fedlama,78,98,4625144,1642994,64.4769114215687
fedlama,79,40,4625450,1544696,66.60441686754803
fedlama,79,24,4625569,1630104,64.75884372279388
fedlama,79,31,4625081,1719218,62.82836992476456
fedlama,79,95,4624814,1580199,65.83216103393563
fedlama,79,11,4625679,1506116,67.4401098735991
fedlama,79,73,4625197,1662477,64.05608236795103
fedlama,79,83,4625261,1696848,63.31346490500752
fedlama,79,9,4625087,1651161,64.29989316957713
fedlama,79,19,4625563,1668889,63.92030548497556
fedlama,79,67,4624949,1570269,66.04786344671044
fedlama,80,55,4626013,1006107,78.2510987323209
fedlama,80,57,4625471,1596318,65.48853078962121
fedlama,80,78,4625890,890046,80.75946466517794
fedlama,80,9,4625997,751383,83.75738246263454
fedlama,80,60,4625614,1668125,63.93722001014353
fedlama,80,91,4625381,1641195,64.51762568315993
fedlama,80,79,4625218,1544051,66.61668704048111
fedlama,80,84,4625379,1705120,63.13556143183078
fedlama,80,58,4625279,1736921,62.44721669763056
fedlama,80,5,4625663,1378336,70.20241206503803
fedlama,81,93,4625510,1765558,61.82998199117502
fedlama,81,71,4625087,1597649,65.4568876217896
fedlama,81,55,4625729,1250719,72.96168884947647
fedlama,81,43,4625892,1493427,67.71591295257218
fedlama,81,40,4625699,1580403,65.83428796382991
fedlama,81,0,4624858,1497486,67.62093019937045
fedlama,81,41,4625117,1564640,66.17080173323183
fedlama,81,88,4625218,1626489,64.8343278089811
fedlama,81,14,4625386,1688339,63.49841937516134
fedlama,81,92,4625150,1641695,64.5050430796839
fedlama,82,48,4625735,1583885,65.75927933614874
fedlama,82,83,4625234,1688636,63.490798519599224
fedlama,82,64,4625254,1611055,65.16829129816438
fedlama,82,21,4625297,1725767,62.68851492131208
fedlama,82,51,4625803,1607294,65.25373000103983
fedlama,82,60,4625326,1738413,62.41534110244338
fedlama,82,65,4624894,1644666,64.43883903068914
fedlama,82,92,4625338,1700880,63.22690363385335
fedlama,82,73,4625718,1672740,63.83826251405728
fedlama,82,84,4625389,1707167,63.091385394828414
fedlama,83,7,4625260,1560370,66.26416677116529
fedlama,83,35,4625210,1750517,62.15270225568137
fedlama,83,94,4625460,1623257,64.90604177746646
fedlama,83,49,4625925,1610821,65.17840215740635
fedlama,83,16,4625459,1689696,63.46965782206695
fedlama,83,64,4625384,1713232,62.96022124865741
fedlama,83,87,4625287,1677627,63.72923453182473
fedlama,83,57,4625370,1697680,63.29634169806956
fedlama,83,2,4625272,1768057,61.77398864326249
fedlama,83,99,4625205,1540913,66.68443885189954
fedlama,84,83,4625220,1707694,63.07864274564237
fedlama,84,26,4625415,1523255,67.06771176207972
fedlama,84,57,4625333,1702237,63.19752545384301
fedlama,84,53,4625488,1818870,60.67723016468749
fedlama,84,74,4625339,1693598,63.384348693144446
fedlama,84,13,4625228,1607490,65.24517277850951
fedlama,84,87,4625336,1708598,63.06002417986498
fedlama,84,4,4625705,1612146,65.14810174881451
fedlama,84,6,4625412,1653023,64.26214572885615
fedlama,84,38,4627087,644964,86.06112225683243
fedlama,85,37,4625812,1146797,75.20874173010057
fedlama,85,26,4625578,1715589,62.91081892900736
fedlama,85,65,4625584,1576950,65.90808857865298
fedlama,85,93,4625301,1670423,63.88509634291909
fedlama,85,50,4626613,1447950,68.70388770359656
fedlama,85,34,4625569,1677109,63.74264441844885
fedlama,85,73,4626100,1775395,61.62220877196775
fedlama,85,98,4625900,1624525,64.88196891415726
fedlama,85,57,4625955,1693676,63.387538356944674
fedlama,85,27,4625245,1605549,65.28726586375424
fedlama,86,51,4625537,1634405,64.66561612197675
fedlama,86,69,4625803,1532840,66.86326676687268
fedlama,86,31,4625593,1417837,69.34799494897194
fedlama,86,28,4625414,1634135,64.67051381779014
fedlama,86,4,4625791,1668318,63.93442764707701
fedlama,86,91,4625596,1734925,62.49294145013962
fedlama,86,19,4625711,1671827,63.85794529749048
fedlama,86,65,4625717,1612817,65.13368630203706
fedlama,86,25,4625686,1634220,64.67075370009982
fedlama,86,94,4625901,1656563,64.18939791404961
fedlama,87,15,4625407,1586483,65.70068320474284
fedlama,87,88,4625318,1526968,66.98674555998096
fedlama,87,57,4625886,1389916,69.95351809361493
fedlama,87,58,4625793,1691274,63.43818238299899
fedlama,87,66,4625637,1465845,68.31041865152842
fedlama,87,2,4625934,1573545,65.98427474321942
fedlama,87,20,4625692,1724980,62.70871471771142
fedlama,87,54,4625713,1673327,63.82553349072888
fedlama,87,36,4625839,1630410,64.75428565499145
fedlama,87,30,4625467,1506238,67.43597997780549
fedlama,88,93,4625898,1651894,64.29030644428391
fedlama,88,74,4625682,1821704,60.61761271094728
fedlama,88,52,4625833,1548154,66.53242778111532
fedlama,88,51,4625595,1599926,65.41145517495586
fedlama,88,79,4625673,1689755,63.47007235487679
fedlama,88,91,4625836,1657094,64.1774157146946
fedlama,88,45,4625529,1620498,64.9662125132066
fedlama,88,14,4625789,1734850,62.49612768762258
fedlama,88,95,4626057,1574440,65.96583224115051
fedlama,88,69,4625926,1303543,71.82092839358
fedlama,89,58,4625610,1607168,65.25500420485082
fedlama,89,31,4625748,1601371,65.38136102528715
fedlama,89,73,4625800,1775862,61.60962428120541
fedlama,89,33,4625468,1616808,65.04552620405113
fedlama,89,47,4626018,1669050,63.92037385068541
fedlama,89,29,4625537,1654230,64.23701723713377
fedlama,89,24,4626143,1778408,61.557435643472324
fedlama,89,20,4625729,1675842,63.77128880658594
fedlama,89,6,4625429,1614829,65.08801670072117
fedlama,89,2,4625981,1599976,65.41326045221543
fedlama,90,92,4625879,1609720,65.20185677143738
fedlama,90,4,4626139,1635538,64.64572292358703
fedlama,90,13,4625614,1552164,66.44415206283966
fedlama,90,24,4626488,1753615,62.096194781008826
fedlama,90,60,4625945,1632338,64.7134153129793
fedlama,90,36,4625785,1450337,68.64668375205505
fedlama,90,63,4625817,1691191,63.44016635331662
fedlama,90,96,4625925,1601287,65.38450147808277
fedlama,90,11,4625481,1559447,66.28573331076271
fedlama,90,57,4625955,1680486,63.67266867057722
fedlama,91,99,4626199,1767879,61.785496041134415
fedlama,91,93,4625350,1655996,64.19739046774839
fedlama,91,53,4625655,1625274,64.86391656965338
fedlama,91,48,4626251,1731438,62.57362603109948
fedlama,91,46,4626547,1655651,64.21411043700627
fedlama,91,67,4625681,1559828,66.27895438531105
fedlama,91,14,4626297,1753321,62.10098486975652
fedlama,91,54,4625795,1753764,62.08729526492203
fedlama,91,65,4625605,1658711,64.14066916651984
fedlama,91,24,4626204,1782881,61.461254194583724
fedlama,92,14,4626145,1726437,62.68087143831419
fedlama,92,8,4625620,1639284,64.56077239375479
fedlama,92,29,4626325,1594454,65.5351926204925
fedlama,92,52,4625893,1640083,64.54559152146408
fedlama,92,22,4625678,1725924,62.688194033393586
fedlama,92,98,4626132,1537770,66.75905486484173
fedlama,92,13,4625735,1404977,69.62694577186113
fedlama,92,40,4626137,1585687,65.72330218495475
fedlama,92,97,4625438,1536611,66.7791244850758
fedlama,92,2,4626031,1680864,63.66509433248502
fedlama,93,6,4625855,1605218,65.29899877968506
fedlama,93,45,4625659,1546437,66.5682878915199
fedlama,93,79,4625895,1640397,64.53881897449034
fedlama,93,50,4625835,1564968,66.16896192795463
fedlama,93,43,4626110,1603882,65.32979112040138
fedlama,93,27,4625517,1596051,65.49464632818342
fedlama,93,29,4625889,1682485,63.628937054045174
fedlama,93,4,4626001,1647201,64.39254985029186
fedlama,93,12,4625608,1731780,62.561029814891356
fedlama,93,21,4625761,1605643,65.28910594386524
fedlama,94,13,4625848,1731536,62.56824694628963
fedlama,94,73,4626196,1796038,61.176785419381275
fedlama,94,9,4625861,1564695,66.17505368189836
fedlama,94,38,4626997,613244,86.74639296286554
fedlama,94,37,4626142,1644441,64.4532960726238
fedlama,94,63,4625742,1752923,62.10504174249234
fedlama,94,65,4625729,1495385,67.67244687269833
fedlama,94,83,4625449,1489115,67.80604434293838
fedlama,94,59,4625647,1724338,62.72223107383681
fedlama,94,7,4625513,1693411,63.389768875365824
fedlama,95,4,4625817,1612544,65.14034169531567
fedlama,95,13,4626156,1647411,64.38920347692554
fedlama,95,8,4626035,1732223,62.554909333803145
fedlama,95,11,4626244,1535083,66.81794129319594
fedlama,95,59,4625908,1624582,64.88079745641289
fedlama,95,21,4626114,1535617,66.80546566729657
fedlama,95,29,4626096,1708513,63.067930280737805
fedlama,95,82,4626667,1765328,61.84449842618888
fedlama,95,73,4626422,1764230,61.86621108061479
fedlama,95,18,4625744,1616350,65.05751291035561
fedlama,96,5,4626126,1528631,66.9565636560699
fedlama,96,94,4626243,1671307,63.87334171594532
fedlama,96,2,4626260,1778284,61.56108822245183
fedlama,96,14,4626037,1769742,61.74388574929254
fedlama,96,30,4626147,1602060,65.36945324046123
fedlama,96,70,4626345,1431052,69.06733068977779
fedlama,96,6,4626067,1372070,70.34046415670157
fedlama,96,65,4626126,1761188,61.92952807597545
fedlama,96,73,4626520,1865762,59.67245359362977
fedlama,96,46,4625952,1668656,63.92837625639003
fedlama,97,46,4626246,1510582,67.34756431024205
fedlama,97,89,4626219,1617228,65.04212187101388
fedlama,97,92,4626183,1663669,64.03797688072434
fedlama,97,37,4626269,1720082,62.819239434628635
fedlama,97,30,4626148,1617787,65.02950186634754
fedlama,97,2,4626131,1803728,61.01001030883042
fedlama,97,18,4625939,1608088,65.23758743900427
fedlama,97,69,4626159,1596609,65.48737300209527
fedlama,97,91,4626416,1690469,63.46050592942788
fedlama,97,93,4626263,1661959,64.07556163581707
fedlama,98,88,4625779,1666533,63.972922182404304
fedlama,98,9,4626315,1579613,65.8559133997577
fedlama,98,65,4626430,1671686,63.86660989142816
fedlama,98,24,4626819,1804245,61.00463406932495
fedlama,98,43,4625792,1575959,65.9310448891779
fedlama,98,1,4625846,1527455,66.9799859312221
fedlama,98,7,4625959,1607135,65.25833886551956
fedlama,98,23,4626197,1737298,62.4465192468025
fedlama,98,78,4627622,738185,84.04828657137512
fedlama,98,94,4625993,1000678,78.36836328978448
fedlama,99,30,4625913,1657409,64.17120252801986
fedlama,99,29,4626003,1574890,65.95570733525248
fedlama,99,74,4625798,1591428,65.59668191304506
fedlama,99,91,4625756,1597060,65.47461647350184
fedlama,99,65,4626443,1741113,62.36605530425858
fedlama,99,68,4626317,1684445,63.58993557942527
fedlama,99,31,4626155,1790914,61.28720287149911
fedlama,99,69,4626207,1593366,65.55783171829536
fedlama,99,61,4626128,1572083,66.01730432015715
fedlama,99,14,4626642,1674361,63.81044826896052
