{
    "flips": [
        {
            "round": 0,
            "test_accuracy": 0.07029999792575836,
            "test_loss": 4.230296611785889,
            "num_selected_clients": 2,
            "avg_compression_bytes": 1051105.5,
            "avg_local_accuracy": 0.15983010083436966,
            "delta_accuracy": 0.07109999656677246,
            "delta_loss": 4.22689962387085
        },
        {
            "round": 1,
            "test_accuracy": 0.16779999434947968,
            "test_loss": 3.6566972732543945,
            "num_selected_clients": 2,
            "avg_compression_bytes": 1037249.0,
            "avg_local_accuracy": 0.2507486045360565,
            "delta_accuracy": 0.1671999990940094,
            "delta_loss": 3.6564457416534424
        }
    ],
    "fedavg": [
        {
            "round": 0,
            "test_accuracy": 0.08780000358819962,
            "test_loss": 4.076305389404297,
            "num_selected_clients": 2,
            "avg_compression_bytes": 2573968.0,
            "avg_local_accuracy": 0.17469214648008347,
            "delta_accuracy": 0.0869000032544136,
            "delta_loss": 4.073891639709473
        },
        {
            "round": 1,
            "test_accuracy": 0.17640000581741333,
            "test_loss": 3.594905138015747,
            "num_selected_clients": 2,
            "avg_compression_bytes": 2573968.0,
            "avg_local_accuracy": 0.24885208904743195,
            "delta_accuracy": 0.17599999904632568,
            "delta_loss": 3.5958855152130127
        }
    ],
    "fedbuff": [
        {
            "round": 0,
            "test_accuracy": 0.06880000233650208,
            "test_loss": 4.164463996887207,
            "num_selected_clients": 2,
            "avg_compression_bytes": 1047691.5,
            "avg_local_accuracy": 0.15380103141069412,
            "delta_accuracy": 0.06880000233650208,
            "delta_loss": 4.163430690765381
        },
        {
            "round": 1,
            "test_accuracy": 0.16189999878406525,
            "test_loss": 3.664159059524536,
            "num_selected_clients": 2,
            "avg_compression_bytes": 1029043.5,
            "avg_local_accuracy": 0.2415718212723732,
            "delta_accuracy": 0.1615999937057495,
            "delta_loss": 3.6621437072753906
        }
    ],
    "fedprox": [
        {
            "round": 0,
            "test_accuracy": 0.07090000063180923,
            "test_loss": 4.18380880355835,
            "num_selected_clients": 2,
            "avg_compression_bytes": 2573968.0,
            "avg_local_accuracy": 0.1569022312760353,
            "delta_accuracy": 0.07180000096559525,
            "delta_loss": 4.182031154632568
        },
        {
            "round": 1,
            "test_accuracy": 0.17419999837875366,
            "test_loss": 3.605994462966919,
            "num_selected_clients": 2,
            "avg_compression_bytes": 2573968.0,
            "avg_local_accuracy": 0.24949166923761368,
            "delta_accuracy": 0.1738000065088272,
            "delta_loss": 3.6066813468933105
        }
    ],
    "fedlama": [
        {
            "round": 0,
            "test_accuracy": 0.0949999988079071,
            "test_loss": 4.035247325897217,
            "num_selected_clients": 2,
            "avg_compression_bytes": 2573968.0,
            "avg_local_accuracy": 0.17025738954544067,
            "delta_accuracy": 0.09629999846220016,
            "delta_loss": 4.032212734222412
        },
        {
            "round": 1,
            "test_accuracy": 0.0949999988079071,
            "test_loss": 4.035247325897217,
            "num_selected_clients": 2,
            "avg_compression_bytes": 0.0,
            "avg_local_accuracy": 0.25140824913978577,
            "delta_accuracy": 0.0949999988079071,
            "delta_loss": 4.035247325897217
        }
    ]
}