{
    "flips": [
        {
            "round": 0,
            "test_accuracy": 0.04529999941587448,
            "test_loss": 4.52299165725708,
            "num_selected_clients": 3,
            "avg_compression_bytes": 1041965.0,
            "avg_local_accuracy": 0.13379963239034018,
            "delta_accuracy": 0.04560000076889992,
            "delta_loss": 4.521902084350586
        },
        {
            "round": 1,
            "test_accuracy": 0.09759999811649323,
            "test_loss": 4.512614727020264,
            "num_selected_clients": 3,
            "avg_compression_bytes": 1008687.3333333334,
            "avg_local_accuracy": 0.1947695960601171,
            "delta_accuracy": 0.09719999879598618,
            "delta_loss": 4.514617919921875
        }
    ],
    "fedavg": [
        {
            "round": 0,
            "test_accuracy": 0.05130000039935112,
            "test_loss": 4.506467342376709,
            "num_selected_clients": 3,
            "avg_compression_bytes": 2573968.0,
            "avg_local_accuracy": 0.1337960660457611,
            "delta_accuracy": 0.05090000107884407,
            "delta_loss": 4.506331920623779
        },
        {
            "round": 1,
            "test_accuracy": 0.08619999885559082,
            "test_loss": 4.18118143081665,
            "num_selected_clients": 3,
            "avg_compression_bytes": 2573968.0,
            "avg_local_accuracy": 0.18067188064257303,
            "delta_accuracy": 0.0860000029206276,
            "delta_loss": 4.180204391479492
        }
    ],
    "fedbuff": [
        {
            "round": 0,
            "test_accuracy": 0.03359999880194664,
            "test_loss": 4.533730983734131,
            "num_selected_clients": 3,
            "avg_compression_bytes": 1041639.0,
            "avg_local_accuracy": 0.1173837681611379,
            "delta_accuracy": 0.033799998462200165,
            "delta_loss": 4.533006191253662
        },
        {
            "round": 1,
            "test_accuracy": 0.07620000094175339,
            "test_loss": 4.213507652282715,
            "num_selected_clients": 3,
            "avg_compression_bytes": 1027552.0,
            "avg_local_accuracy": 0.18469882011413574,
            "delta_accuracy": 0.07580000162124634,
            "delta_loss": 4.213522911071777
        }
    ],
    "fedprox": [
        {
            "round": 0,
            "test_accuracy": 0.03970000147819519,
            "test_loss": 4.499617576599121,
            "num_selected_clients": 3,
            "avg_compression_bytes": 2573968.0,
            "avg_local_accuracy": 0.10407318671544392,
            "delta_accuracy": 0.03999999910593033,
            "delta_loss": 4.499720096588135
        },
        {
            "round": 1,
            "test_accuracy": 0.06019999831914902,
            "test_loss": 4.291737079620361,
            "num_selected_clients": 3,
            "avg_compression_bytes": 2573968.0,
            "avg_local_accuracy": 0.12684543803334236,
            "delta_accuracy": 0.060100000351667404,
            "delta_loss": 4.293203353881836
        }
    ],
    "fedlama": [
        {
            "round": 0,
            "test_accuracy": 0.034699998795986176,
            "test_loss": 4.514008045196533,
            "num_selected_clients": 3,
            "avg_compression_bytes": 2573968.0,
            "avg_local_accuracy": 0.11321579416592915,
            "delta_accuracy": 0.03480000048875809,
            "delta_loss": 4.514641761779785
        },
        {
            "round": 1,
            "test_accuracy": 0.034699998795986176,
            "test_loss": 4.514008045196533,
            "num_selected_clients": 3,
            "avg_compression_bytes": 0.0,
            "avg_local_accuracy": 0.18462486068407694,
            "delta_accuracy": 0.034699998795986176,
            "delta_loss": 4.514008045196533
        }
    ]
}